<?xml version="1.0" ?>
<library  version="2.0" name="sap.m">
  <module name="sap/m/ActionListItem.js" size="3811" compressedSize="576">
    <description>Provides control sap.m.ActionListItem.</description>
    <requires>
      <module name="sap/m/library.js"/>
      <module name="sap/m/ListItemBase.js"/>
      <module name="sap/ui/core/EnabledPropagator.js"/>
      <module name="jquery.sap.global.js"/>
    </requires>
  </module>
  <module name="sap/m/ActionListItemRenderer.js" size="1128" compressedSize="590">
    <description>! SAP UI development toolkit for HTML5 (SAPUI5)  (c) Copyright 2009-2014 SAP AG. All rights reserved</description>
    <requires>
      <module name="sap/ui/core/Renderer.js"/>
      <module name="sap/m/ListItemBaseRenderer.js"/>
      <module name="jquery.sap.global.js"/>
    </requires>
  </module>
  <module name="sap/m/ActionSelect.js" size="6950" compressedSize="1253">
    <description>Provides control sap.m.ActionSelect.</description>
    <requires>
      <module name="sap/m/library.js"/>
      <module name="sap/m/Select.js"/>
      <module name="jquery.sap.global.js"/>
    </requires>
  </module>
  <module name="sap/m/ActionSelectRenderer.js" size="978" compressedSize="491">
    <requires>
      <module name="sap/m/SelectRenderer.js"/>
      <module name="sap/ui/core/Renderer.js"/>
      <module name="jquery.sap.global.js"/>
    </requires>
  </module>
  <module name="sap/m/ActionSheet.js" size="40430" compressedSize="10265">
    <description>Provides control sap.m.ActionSheet.</description>
    <requires>
      <module name="sap/m/library.js"/>
      <module name="sap/ui/core/Control.js"/>
      <module name="sap/m/Dialog.js"/>
      <module name="sap/m/Popover.js"/>
      <module name="sap/ui/core/delegate/ItemNavigation.js"/>
      <module name="jquery.sap.global.js"/>
    </requires>
  </module>
  <module name="sap/m/ActionSheetRenderer.js" size="1681" compressedSize="846">
    <description>! SAP UI development toolkit for HTML5 (SAPUI5)  (c) Copyright 2009-2014 SAP AG. All rights reserved</description>
    <requires>
      <module name="jquery.sap.global.js"/>
    </requires>
  </module>
  <module name="sap/m/App.js" size="15033" compressedSize="2424">
    <description>Provides control sap.m.App.</description>
    <requires>
      <module name="sap/m/library.js"/>
      <module name="sap/m/NavContainer.js"/>
      <module name="jquery.sap.global.js"/>
    </requires>
  </module>
  <module name="sap/m/AppRenderer.js" size="850" compressedSize="683">
    <description>! SAP UI development toolkit for HTML5 (SAPUI5)  (c) Copyright 2009-2014 SAP AG. All rights reserved</description>
    <requires>
      <module name="sap/ui/core/Renderer.js"/>
      <module name="sap/m/NavContainerRenderer.js"/>
      <module name="jquery.sap.global.js"/>
    </requires>
  </module>
  <module name="sap/m/Bar.js" size="25833" compressedSize="4981">
    <description>Provides control sap.m.Bar.</description>
    <requires>
      <module name="sap/m/library.js"/>
      <module name="sap/ui/core/Control.js"/>
      <module name="sap/m/BarInPageEnabler.js"/>
      <module name="jquery.sap.global.js"/>
    </requires>
  </module>
  <module name="sap/m/BarInPageEnabler.js" size="5132" compressedSize="1939">
    <description>Provides helper sap.m.BarInPageEnabler</description>
    <requires>
      <module name="sap/ui/base/Object.js"/>
      <module name="jquery.sap.global.js"/>
    </requires>
  </module>
  <module name="sap/m/BarRenderer.js" size="4575" compressedSize="2078">
    <description>! SAP UI development toolkit for HTML5 (SAPUI5)  (c) Copyright 2009-2014 SAP AG. All rights reserved</description>
    <requires>
      <module name="sap/ui/core/Renderer.js"/>
      <module name="jquery.sap.global.js"/>
    </requires>
  </module>
  <module name="sap/m/BusyDialog.js" size="24527" compressedSize="8839">
    <description>Provides control sap.m.BusyDialog.</description>
    <requires>
      <module name="sap/m/library.js"/>
      <module name="sap/ui/core/Control.js"/>
      <module name="sap/ui/core/Popup.js"/>
      <module name="sap/ui/core/theming/Parameters.js"/>
      <module name="jquery.sap.global.js"/>
    </requires>
  </module>
  <module name="sap/m/BusyDialogRenderer.js" size="1997" compressedSize="1182">
    <description>! SAP UI development toolkit for HTML5 (SAPUI5)  (c) Copyright 2009-2014 SAP AG. All rights reserved</description>
    <requires>
      <module name="jquery.sap.global.js"/>
    </requires>
  </module>
  <module name="sap/m/BusyIndicator.js" size="22692" compressedSize="7952">
    <description>Provides control sap.m.BusyIndicator.</description>
    <requires>
      <module name="sap/m/library.js"/>
      <module name="sap/ui/core/Control.js"/>
      <module name="sap/ui/core/theming/Parameters.js"/>
      <module name="jquery.sap.global.js"/>
    </requires>
  </module>
  <module name="sap/m/BusyIndicatorRenderer.js" size="3676" compressedSize="2208">
    <description>! SAP UI development toolkit for HTML5 (SAPUI5)  (c) Copyright 2009-2014 SAP AG. All rights reserved</description>
    <requires>
      <module name="jquery.sap.global.js"/>
    </requires>
  </module>
  <module name="sap/m/Button.js" size="29305" compressedSize="8211">
    <description>Provides control sap.m.Button.</description>
    <requires>
      <module name="sap/m/library.js"/>
      <module name="sap/ui/core/Control.js"/>
      <module name="sap/ui/core/EnabledPropagator.js"/>
      <module name="sap/ui/core/theming/Parameters.js"/>
      <module name="sap/ui/core/IconPool.js"/>
      <module name="jquery.sap.global.js"/>
    </requires>
  </module>
  <module name="sap/m/ButtonRenderer.js" size="5522" compressedSize="2776">
    <description>! SAP UI development toolkit for HTML5 (SAPUI5)  (c) Copyright 2009-2014 SAP AG. All rights reserved</description>
    <requires>
      <module name="jquery.sap.global.js"/>
    </requires>
  </module>
  <module name="sap/m/Carousel.js" size="41582" compressedSize="10108">
    <description>Provides control sap.m.Carousel.</description>
    <requires>
      <module name="sap/m/library.js"/>
      <module name="sap/ui/core/Control.js"/>
      <module name="sap/ui/thirdparty/mobify-carousel.js"/>
      <module name="jquery.sap.global.js"/>
    </requires>
  </module>
  <module name="sap/m/CarouselRenderer.js" size="4353" compressedSize="1943">
    <description>! SAP UI development toolkit for HTML5 (SAPUI5)  (c) Copyright 2009-2014 SAP AG. All rights reserved</description>
    <requires>
      <module name="jquery.sap.global.js"/>
    </requires>
  </module>
  <module name="sap/m/CheckBox.js" size="15434" compressedSize="3149">
    <description>Provides control sap.m.CheckBox.</description>
    <requires>
      <module name="sap/m/library.js"/>
      <module name="sap/ui/core/Control.js"/>
      <module name="sap/ui/core/EnabledPropagator.js"/>
      <module name="sap/m/Label.js"/>
      <module name="jquery.sap.global.js"/>
    </requires>
  </module>
  <module name="sap/m/CheckBoxRenderer.js" size="2301" compressedSize="1250">
    <description>! SAP UI development toolkit for HTML5 (SAPUI5)  (c) Copyright 2009-2014 SAP AG. All rights reserved</description>
    <requires>
      <module name="sap/ui/core/ValueStateSupport.js"/>
      <module name="jquery.sap.global.js"/>
    </requires>
  </module>
  <module name="sap/m/Column.js" size="28836" compressedSize="7390">
    <description>Provides control sap.m.Column.</description>
    <requires>
      <module name="sap/m/library.js"/>
      <module name="sap/ui/core/Element.js"/>
      <module name="sap/ui/core/Renderer.js"/>
      <module name="jquery.sap.global.js"/>
    </requires>
  </module>
  <module name="sap/m/ColumnListItem.js" size="10362" compressedSize="2011">
    <description>Provides control sap.m.ColumnListItem.</description>
    <requires>
      <module name="sap/m/library.js"/>
      <module name="sap/m/ListItemBase.js"/>
      <module name="jquery.sap.global.js"/>
    </requires>
  </module>
  <module name="sap/m/ColumnListItemRenderer.js" size="5049" compressedSize="2705">
    <description>! SAP UI development toolkit for HTML5 (SAPUI5)  (c) Copyright 2009-2014 SAP AG. All rights reserved</description>
    <requires>
      <module name="sap/ui/core/Renderer.js"/>
      <module name="sap/m/ListRenderer.js"/>
      <module name="sap/m/ListItemBaseRenderer.js"/>
      <module name="jquery.sap.global.js"/>
    </requires>
  </module>
  <module name="sap/m/ComboBox.js" size="43410" compressedSize="14541">
    <description>Provides control sap.m.ComboBox.</description>
    <requires>
      <module name="sap/m/library.js"/>
      <module name="sap/m/ComboBoxBase.js"/>
      <module name="sap/m/ComboBoxRenderer.js"/>
      <module name="jquery.sap.global.js"/>
    </requires>
  </module>
  <module name="sap/m/ComboBoxBase.js" size="31899" compressedSize="8568">
    <description>Provides control sap.m.ComboBoxBase.</description>
    <requires>
      <module name="sap/m/library.js"/>
      <module name="sap/m/InputBase.js"/>
      <module name="sap/ui/core/EnabledPropagator.js"/>
      <module name="sap/m/ComboBoxBaseRenderer.js"/>
      <module name="sap/m/Bar.js"/>
      <module name="sap/m/List.js"/>
      <module name="sap/m/Popover.js"/>
      <module name="sap/m/Dialog.js"/>
      <module name="sap/ui/core/IconPool.js"/>
      <module name="jquery.sap.global.js"/>
    </requires>
  </module>
  <module name="sap/m/ComboBoxBaseRenderer.js" size="2456" compressedSize="974">
    <description>! SAP UI development toolkit for HTML5 (SAPUI5)  (c) Copyright 2009-2014 SAP AG. All rights reserved</description>
    <requires>
      <module name="sap/m/InputBaseRenderer.js"/>
      <module name="sap/ui/core/Renderer.js"/>
      <module name="jquery.sap.global.js"/>
    </requires>
  </module>
  <module name="sap/m/ComboBoxRenderer.js" size="1556" compressedSize="751">
    <description>! SAP UI development toolkit for HTML5 (SAPUI5)  (c) Copyright 2009-2014 SAP AG. All rights reserved</description>
    <requires>
      <module name="sap/m/InputBaseRenderer.js"/>
      <module name="sap/ui/core/Renderer.js"/>
      <module name="jquery.sap.global.js"/>
    </requires>
  </module>
  <module name="sap/m/CustomListItem.js" size="6748" compressedSize="456">
    <description>Provides control sap.m.CustomListItem.</description>
    <requires>
      <module name="sap/m/library.js"/>
      <module name="sap/m/ListItemBase.js"/>
      <module name="jquery.sap.global.js"/>
    </requires>
  </module>
  <module name="sap/m/CustomListItemRenderer.js" size="1116" compressedSize="572">
    <description>! SAP UI development toolkit for HTML5 (SAPUI5)  (c) Copyright 2009-2014 SAP AG. All rights reserved</description>
    <requires>
      <module name="sap/ui/core/Renderer.js"/>
      <module name="sap/m/ListItemBaseRenderer.js"/>
      <module name="jquery.sap.global.js"/>
    </requires>
  </module>
  <module name="sap/m/CustomTile.js" size="3859" compressedSize="390">
    <description>Provides control sap.m.CustomTile.</description>
    <requires>
      <module name="sap/m/library.js"/>
      <module name="sap/m/Tile.js"/>
      <module name="jquery.sap.global.js"/>
    </requires>
  </module>
  <module name="sap/m/CustomTileRenderer.js" size="1320" compressedSize="751">
    <description>! SAP UI development toolkit for HTML5 (SAPUI5)  (c) Copyright 2009-2014 SAP AG. All rights reserved</description>
    <requires>
      <module name="sap/m/TileRenderer.js"/>
      <module name="jquery.sap.global.js"/>
    </requires>
  </module>
  <module name="sap/m/DatePicker.js" size="21216" compressedSize="8814">
    <description>Provides control sap.m.DatePicker.</description>
    <requires>
      <module name="sap/m/library.js"/>
      <module name="sap/m/InputBase.js"/>
      <module name="sap/ui/model/type/Date.js"/>
      <module name="jquery.sap.global.js"/>
    </requires>
  </module>
  <module name="sap/m/DatePickerRenderer.js" size="3468" compressedSize="1558">
    <requires>
      <module name="sap/ui/core/Renderer.js"/>
      <module name="sap/m/InputBaseRenderer.js"/>
      <module name="jquery.sap.global.js"/>
    </requires>
  </module>
  <module name="sap/m/DateRangeSelection.js" size="27073" compressedSize="8707">
    <description>Provides control sap.m.DateRangeSelection.</description>
    <requires>
      <module name="sap/m/library.js"/>
      <module name="sap/m/DatePicker.js"/>
      <module name="sap/ui/model/type/Date.js"/>
      <module name="jquery.sap.global.js"/>
    </requires>
  </module>
  <module name="sap/m/DateRangeSelectionRenderer.js" size="815" compressedSize="464">
    <requires>
      <module name="sap/ui/core/Renderer.js"/>
      <module name="sap/m/DatePickerRenderer.js"/>
      <module name="jquery.sap.global.js"/>
    </requires>
  </module>
  <module name="sap/m/DateTimeInput.js" size="36189" compressedSize="13015">
    <description>Provides control sap.m.DateTimeInput.</description>
    <requires>
      <module name="sap/m/library.js"/>
      <module name="sap/m/InputBase.js"/>
      <module name="sap/ui/core/theming/Parameters.js"/>
      <module name="sap/ui/model/type/Date.js"/>
      <module name="sap/ui/thirdparty/mobiscroll/js/mobiscroll-core.js"/>
      <module name="sap/ui/thirdparty/mobiscroll/js/mobiscroll-scroller.js"/>
      <module name="sap/ui/thirdparty/mobiscroll/js/mobiscroll-datetime.js"/>
      <module name="sap/ui/core/IconPool.js"/>
      <module name="sap/m/InstanceManager.js"/>
      <module name="jquery.sap.global.js"/>
    </requires>
  </module>
  <module name="sap/m/DateTimeInputRenderer.js" size="1724" compressedSize="633">
    <requires>
      <module name="sap/ui/core/Renderer.js"/>
      <module name="sap/m/InputBaseRenderer.js"/>
      <module name="jquery.sap.global.js"/>
    </requires>
  </module>
  <module name="sap/m/Dialog.js" size="90900" compressedSize="29505">
    <description>Provides control sap.m.Dialog.</description>
    <requires>
      <module name="sap/m/library.js"/>
      <module name="sap/ui/core/Control.js"/>
      <module name="sap/ui/core/Popup.js"/>
      <module name="sap/m/Bar.js"/>
      <module name="sap/m/Toolbar.js"/>
      <module name="sap/m/ToolbarSpacer.js"/>
      <module name="sap/ui/core/delegate/ScrollEnablement.js"/>
      <module name="sap/m/InstanceManager.js"/>
      <module name="sap/ui/core/IconPool.js"/>
      <module name="sap/ui/core/theming/Parameters.js"/>
      <module name="sap/ui/core/ValueState.js"/>
      <module name="jquery.sap.global.js"/>
    </requires>
  </module>
  <module name="sap/m/DialogRenderer.js" size="5502" compressedSize="3106">
    <description>! SAP UI development toolkit for HTML5 (SAPUI5)  (c) Copyright 2009-2014 SAP AG. All rights reserved</description>
    <requires>
      <module name="sap/m/BarRenderer.js"/>
      <module name="jquery.sap.global.js"/>
    </requires>
  </module>
  <module name="sap/m/DisplayListItem.js" size="4456" compressedSize="441">
    <description>Provides control sap.m.DisplayListItem.</description>
    <requires>
      <module name="sap/m/library.js"/>
      <module name="sap/m/ListItemBase.js"/>
      <module name="jquery.sap.global.js"/>
    </requires>
  </module>
  <module name="sap/m/DisplayListItemRenderer.js" size="1385" compressedSize="772">
    <description>! SAP UI development toolkit for HTML5 (SAPUI5)  (c) Copyright 2009-2014 SAP AG. All rights reserved</description>
    <requires>
      <module name="sap/ui/core/Renderer.js"/>
      <module name="sap/m/ListItemBaseRenderer.js"/>
      <module name="jquery.sap.global.js"/>
    </requires>
  </module>
  <module name="sap/m/FacetFilter.js" size="57659" compressedSize="21076">
    <description>Provides control sap.m.FacetFilter.</description>
    <requires>
      <module name="sap/m/library.js"/>
      <module name="sap/ui/core/Control.js"/>
      <module name="sap/ui/core/IconPool.js"/>
      <module name="sap/m/NavContainer.js"/>
      <module name="jquery.sap.global.js"/>
    </requires>
  </module>
  <module name="sap/m/FacetFilterItem.js" size="5814" compressedSize="861">
    <description>Provides control sap.m.FacetFilterItem.</description>
    <requires>
      <module name="sap/m/library.js"/>
      <module name="sap/m/ListItemBase.js"/>
      <module name="jquery.sap.global.js"/>
    </requires>
  </module>
  <module name="sap/m/FacetFilterItemRenderer.js" size="846" compressedSize="434">
    <description>@copyright</description>
    <requires>
      <module name="sap/ui/core/Renderer.js"/>
      <module name="sap/m/ListItemBaseRenderer.js"/>
      <module name="jquery.sap.global.js"/>
    </requires>
  </module>
  <module name="sap/m/FacetFilterList.js" size="33801" compressedSize="8130">
    <description>Provides control sap.m.FacetFilterList.</description>
    <requires>
      <module name="sap/m/library.js"/>
      <module name="sap/m/List.js"/>
      <module name="jquery.sap.global.js"/>
    </requires>
  </module>
  <module name="sap/m/FacetFilterListRenderer.js" size="496" compressedSize="383">
    <description>! SAP UI development toolkit for HTML5 (SAPUI5)  (c) Copyright 2009-2014 SAP AG. All rights reserved</description>
    <requires>
      <module name="sap/ui/core/Renderer.js"/>
      <module name="sap/m/ListRenderer.js"/>
      <module name="jquery.sap.global.js"/>
    </requires>
  </module>
  <module name="sap/m/FacetFilterRenderer.js" size="3496" compressedSize="1725">
    <description>@copyright</description>
    <requires>
      <module name="jquery.sap.global.js"/>
    </requires>
  </module>
  <module name="sap/m/FeedInput.js" size="15981" compressedSize="3239">
    <description>Provides control sap.m.FeedInput.</description>
    <requires>
      <module name="sap/m/library.js"/>
      <module name="sap/ui/core/Control.js"/>
      <module name="sap/ui/core/IconPool.js"/>
      <module name="sap/ui/core/HTML.js"/>
      <module name="jquery.sap.global.js"/>
    </requires>
  </module>
  <module name="sap/m/FeedInputRenderer.js" size="1530" compressedSize="917">
    <description>! SAP UI development toolkit for HTML5 (SAPUI5)  (c) Copyright 2009-2014 SAP AG. All rights reserved</description>
    <requires>
      <module name="jquery.sap.global.js"/>
    </requires>
  </module>
  <module name="sap/m/FeedListItem.js" size="19126" compressedSize="2722">
    <description>Provides control sap.m.FeedListItem.</description>
    <requires>
      <module name="sap/m/library.js"/>
      <module name="sap/m/ListItemBase.js"/>
      <module name="jquery.sap.global.js"/>
    </requires>
  </module>
  <module name="sap/m/FeedListItemRenderer.js" size="5171" compressedSize="2915">
    <description>Provides default renderer for the sap.m.FeedListItem</description>
    <requires>
      <module name="sap/ui/core/Renderer.js"/>
      <module name="sap/m/ListItemBaseRenderer.js"/>
      <module name="jquery.sap.global.js"/>
    </requires>
  </module>
  <module name="sap/m/FlexBox.js" size="18516" compressedSize="4309">
    <description>Provides control sap.m.FlexBox.</description>
    <requires>
      <module name="sap/m/library.js"/>
      <module name="sap/ui/core/Control.js"/>
      <module name="sap/m/FlexBoxStylingHelper.js"/>
      <module name="jquery.sap.global.js"/>
    </requires>
  </module>
  <module name="sap/m/FlexBoxCssPropertyMap.js" size="3313" compressedSize="2462">
    <description>! SAP UI development toolkit for HTML5 (SAPUI5)  (c) Copyright 2009-2014 SAP AG. All rights reserved</description>
    <requires>
      <module name="jquery.sap.global.js"/>
    </requires>
  </module>
  <module name="sap/m/FlexBoxRenderer.js" size="4363" compressedSize="2480">
    <requires>
      <module name="sap/m/FlexBoxStylingHelper.js"/>
      <module name="jquery.sap.global.js"/>
    </requires>
  </module>
  <module name="sap/m/FlexBoxStylingHelper.js" size="11796" compressedSize="4009">
    <requires>
      <module name="sap/m/FlexBoxCssPropertyMap.js"/>
      <module name="sap/ui/thirdparty/flexie.js" conditional="true"/>
      <module name="jquery.sap.global.js"/>
    </requires>
  </module>
  <module name="sap/m/FlexItemData.js" size="7423" compressedSize="1127">
    <description>Provides control sap.m.FlexItemData.</description>
    <requires>
      <module name="sap/m/library.js"/>
      <module name="sap/ui/core/LayoutData.js"/>
      <module name="sap/m/FlexBoxStylingHelper.js"/>
      <module name="jquery.sap.global.js"/>
    </requires>
  </module>
  <module name="sap/m/GroupHeaderListItem.js" size="6244" compressedSize="864">
    <description>Provides control sap.m.GroupHeaderListItem.</description>
    <requires>
      <module name="sap/m/library.js"/>
      <module name="sap/m/ListItemBase.js"/>
      <module name="jquery.sap.global.js"/>
    </requires>
  </module>
  <module name="sap/m/GroupHeaderListItemRenderer.js" size="2048" compressedSize="947">
    <description>! SAP UI development toolkit for HTML5 (SAPUI5)  (c) Copyright 2009-2014 SAP AG. All rights reserved</description>
    <requires>
      <module name="sap/ui/core/Renderer.js"/>
      <module name="sap/m/ListItemBaseRenderer.js"/>
      <module name="jquery.sap.global.js"/>
    </requires>
  </module>
  <module name="sap/m/GrowingEnablement.js" size="24829" compressedSize="11718">
    <description>Provides class sap.m.GrowingEnablement</description>
    <requires>
      <module name="sap/ui/base/Object.js"/>
      <module name="jquery.sap.global.js"/>
    </requires>
  </module>
  <module name="sap/m/GrowingList.js" size="7207" compressedSize="1115">
    <description>Provides control sap.m.GrowingList.</description>
    <requires>
      <module name="sap/m/library.js"/>
      <module name="sap/m/List.js"/>
      <module name="jquery.sap.global.js"/>
    </requires>
  </module>
  <module name="sap/m/GrowingListRenderer.js" size="982" compressedSize="622">
    <description>! SAP UI development toolkit for HTML5 (SAPUI5)  (c) Copyright 2009-2014 SAP AG. All rights reserved</description>
    <requires>
      <module name="sap/ui/core/Renderer.js"/>
      <module name="sap/m/ListRenderer.js"/>
      <module name="jquery.sap.global.js"/>
    </requires>
  </module>
  <module name="sap/m/HBox.js" size="2971" compressedSize="286">
    <description>Provides control sap.m.HBox.</description>
    <requires>
      <module name="sap/m/library.js"/>
      <module name="sap/m/FlexBox.js"/>
      <module name="jquery.sap.global.js"/>
    </requires>
  </module>
  <module name="sap/m/HBoxRenderer.js" size="747" compressedSize="313">
    <description>! SAP UI development toolkit for HTML5 (SAPUI5)  (c) Copyright 2009-2014 SAP AG. All rights reserved</description>
    <requires>
      <module name="sap/m/FlexBoxRenderer.js"/>
      <module name="jquery.sap.global.js"/>
    </requires>
  </module>
  <module name="sap/m/IconTabBar.js" size="30274" compressedSize="5586">
    <description>Provides control sap.m.IconTabBar.</description>
    <requires>
      <module name="sap/m/library.js"/>
      <module name="sap/ui/core/Control.js"/>
      <module name="jquery.sap.global.js"/>
    </requires>
  </module>
  <module name="sap/m/IconTabBarRenderer.js" size="2416" compressedSize="1188">
    <description>! SAP UI development toolkit for HTML5 (SAPUI5)  (c) Copyright 2009-2014 SAP AG. All rights reserved</description>
    <requires>
      <module name="sap/ui/core/IconPool.js"/>
      <module name="jquery.sap.global.js"/>
    </requires>
  </module>
  <module name="sap/m/IconTabFilter.js" size="14160" compressedSize="1881">
    <description>Provides control sap.m.IconTabFilter.</description>
    <requires>
      <module name="sap/m/library.js"/>
      <module name="sap/ui/core/Item.js"/>
      <module name="jquery.sap.global.js"/>
    </requires>
  </module>
  <module name="sap/m/IconTabHeader.js" size="38852" compressedSize="14470">
    <description>Provides control sap.m.IconTabHeader.</description>
    <requires>
      <module name="sap/m/library.js"/>
      <module name="sap/ui/core/Control.js"/>
      <module name="sap/ui/core/delegate/ItemNavigation.js"/>
      <module name="sap/ui/core/EnabledPropagator.js"/>
      <module name="jquery.sap.global.js"/>
    </requires>
  </module>
  <module name="sap/m/IconTabHeaderRenderer.js" size="5388" compressedSize="3375">
    <description>! SAP UI development toolkit for HTML5 (SAPUI5)  (c) Copyright 2009-2014 SAP AG. All rights reserved</description>
    <requires>
      <module name="sap/ui/core/IconPool.js"/>
      <module name="jquery.sap.global.js"/>
    </requires>
  </module>
  <module name="sap/m/IconTabSeparator.js" size="5698" compressedSize="948">
    <description>Provides control sap.m.IconTabSeparator.</description>
    <requires>
      <module name="sap/m/library.js"/>
      <module name="sap/ui/core/Element.js"/>
      <module name="jquery.sap.global.js"/>
    </requires>
  </module>
  <module name="sap/m/Image.js" size="24690" compressedSize="4544">
    <description>Provides control sap.m.Image.</description>
    <requires>
      <module name="sap/m/library.js"/>
      <module name="sap/ui/core/Control.js"/>
      <module name="jquery.sap.global.js"/>
    </requires>
  </module>
  <module name="sap/m/ImageRenderer.js" size="2642" compressedSize="1123">
    <description>Provides default renderer for control sap.m.Image</description>
    <requires>
      <module name="jquery.sap.global.js"/>
    </requires>
  </module>
  <module name="sap/m/Input.js" size="84041" compressedSize="24563">
    <description>Provides control sap.m.Input.</description>
    <requires>
      <module name="sap/m/library.js"/>
      <module name="sap/m/InputBase.js"/>
      <module name="jquery.sap.strings.js"/>
      <module name="sap/m/Dialog.js"/>
      <module name="sap/m/Popover.js"/>
      <module name="sap/m/List.js"/>
      <module name="sap/m/Table.js"/>
      <module name="sap/m/StandardListItem.js"/>
      <module name="sap/m/Bar.js"/>
      <module name="sap/m/Toolbar.js"/>
      <module name="sap/m/ToolbarSpacer.js"/>
      <module name="sap/ui/core/IconPool.js"/>
      <module name="jquery.sap.global.js"/>
    </requires>
  </module>
  <module name="sap/m/InputBase.js" size="29293" compressedSize="6635">
    <description>Provides control sap.m.InputBase.</description>
    <requires>
      <module name="sap/m/library.js"/>
      <module name="sap/ui/core/Control.js"/>
      <module name="sap/ui/core/EnabledPropagator.js"/>
      <module name="sap/ui/core/IconPool.js"/>
      <module name="jquery.sap.global.js"/>
    </requires>
  </module>
  <module name="sap/m/InputBaseRenderer.js" size="9283" compressedSize="3209">
    <description>! SAP UI development toolkit for HTML5 (SAPUI5)  (c) Copyright 2009-2014 SAP AG. All rights reserved</description>
    <requires>
      <module name="sap/ui/core/ValueStateSupport.js"/>
      <module name="jquery.sap.global.js"/>
    </requires>
  </module>
  <module name="sap/m/InputListItem.js" size="7152" compressedSize="522">
    <description>Provides control sap.m.InputListItem.</description>
    <requires>
      <module name="sap/m/library.js"/>
      <module name="sap/m/ListItemBase.js"/>
      <module name="jquery.sap.global.js"/>
    </requires>
  </module>
  <module name="sap/m/InputListItemRenderer.js" size="1413" compressedSize="775">
    <description>! SAP UI development toolkit for HTML5 (SAPUI5)  (c) Copyright 2009-2014 SAP AG. All rights reserved</description>
    <requires>
      <module name="sap/ui/core/Renderer.js"/>
      <module name="sap/m/ListItemBaseRenderer.js"/>
      <module name="jquery.sap.global.js"/>
    </requires>
  </module>
  <module name="sap/m/InputRenderer.js" size="3177" compressedSize="1285">
    <requires>
      <module name="sap/ui/core/Renderer.js"/>
      <module name="sap/m/InputBaseRenderer.js"/>
      <module name="jquery.sap.global.js"/>
    </requires>
  </module>
  <module name="sap/m/InstanceManager.js" size="11141" compressedSize="2639">
    <description>Provides class sap.m.InstanceManager</description>
    <requires>
      <module name="jquery.sap.global.js"/>
    </requires>
  </module>
  <module name="sap/m/Label.js" size="10162" compressedSize="1415">
    <description>Provides control sap.m.Label.</description>
    <requires>
      <module name="sap/m/library.js"/>
      <module name="sap/ui/core/Control.js"/>
      <module name="jquery.sap.global.js"/>
    </requires>
  </module>
  <module name="sap/m/LabelRenderer.js" size="2756" compressedSize="1329">
    <description>! SAP UI development toolkit for HTML5 (SAPUI5)  (c) Copyright 2009-2014 SAP AG. All rights reserved</description>
    <requires>
      <module name="sap/ui/core/Renderer.js"/>
      <module name="jquery.sap.global.js"/>
    </requires>
  </module>
  <module name="sap/m/Link.js" size="14662" compressedSize="2826">
    <description>Provides control sap.m.Link.</description>
    <requires>
      <module name="sap/m/library.js"/>
      <module name="sap/ui/core/Control.js"/>
      <module name="sap/ui/core/EnabledPropagator.js"/>
      <module name="jquery.sap.global.js"/>
    </requires>
  </module>
  <module name="sap/m/LinkRenderer.js" size="1859" compressedSize="1065">
    <description>! SAP UI development toolkit for HTML5 (SAPUI5)  (c) Copyright 2009-2014 SAP AG. All rights reserved</description>
    <requires>
      <module name="jquery.sap.global.js"/>
    </requires>
  </module>
  <module name="sap/m/List.js" size="8196" compressedSize="1112">
    <description>Provides control sap.m.List.</description>
    <requires>
      <module name="sap/m/library.js"/>
      <module name="sap/m/ListBase.js"/>
      <module name="jquery.sap.global.js"/>
    </requires>
  </module>
  <module name="sap/m/ListBase.js" size="91216" compressedSize="21778">
    <description>Provides control sap.m.ListBase.</description>
    <requires>
      <module name="sap/m/library.js"/>
      <module name="sap/ui/core/Control.js"/>
      <module name="sap/ui/core/theming/Parameters.js"/>
      <module name="sap/ui/core/delegate/ItemNavigation.js"/>
      <module name="sap/m/GroupHeaderListItem.js"/>
      <module name="jquery.sap.global.js"/>
    </requires>
  </module>
  <module name="sap/m/ListBaseRenderer.js" size="5947" compressedSize="2569">
    <description>! SAP UI development toolkit for HTML5 (SAPUI5)  (c) Copyright 2009-2014 SAP AG. All rights reserved</description>
    <requires>
      <module name="sap/ui/core/theming/Parameters.js"/>
      <module name="jquery.sap.global.js"/>
    </requires>
  </module>
  <module name="sap/m/ListItemBase.js" size="31574" compressedSize="10366">
    <description>Provides control sap.m.ListItemBase.</description>
    <requires>
      <module name="sap/m/library.js"/>
      <module name="sap/ui/core/Control.js"/>
      <module name="sap/ui/core/theming/Parameters.js"/>
      <module name="jquery.sap.global.js"/>
    </requires>
  </module>
  <module name="sap/m/ListItemBaseRenderer.js" size="10014" compressedSize="5979">
    <description>! SAP UI development toolkit for HTML5 (SAPUI5)  (c) Copyright 2009-2014 SAP AG. All rights reserved</description>
    <requires>
      <module name="sap/ui/core/theming/Parameters.js"/>
      <module name="sap/ui/core/IconPool.js"/>
      <module name="jquery.sap.global.js"/>
    </requires>
  </module>
  <module name="sap/m/ListRenderer.js" size="1469" compressedSize="780">
    <requires>
      <module name="sap/ui/core/Renderer.js"/>
      <module name="sap/m/ListBaseRenderer.js"/>
      <module name="jquery.sap.global.js"/>
    </requires>
  </module>
  <module name="sap/m/MessageBox.js" size="15010" compressedSize="3589">
    <description>Provides class sap.m.MessageBox</description>
    <requires>
      <module name="sap/m/Button.js"/>
      <module name="sap/m/Dialog.js"/>
      <module name="sap/m/Text.js"/>
      <module name="sap/ui/core/IconPool.js"/>
      <module name="sap/ui/core/theming/Parameters.js"/>
      <module name="jquery.sap.global.js"/>
    </requires>
  </module>
  <module name="sap/m/MessageToast.js" size="15571" compressedSize="6708">
    <description>! SAP UI development toolkit for HTML5 (SAPUI5)  (c) Copyright 2009-2014 SAP AG. All rights reserved</description>
    <requires>
      <module name="sap/ui/core/Popup.js"/>
      <module name="sap/m/InstanceManager.js"/>
      <module name="jquery.sap.global.js"/>
    </requires>
  </module>
  <module name="sap/m/MultiComboBox.js" size="74276" compressedSize="27995">
    <description>Provides control sap.m.MultiComboBox.</description>
    <requires>
      <module name="sap/m/library.js"/>
      <module name="sap/m/InputBase.js"/>
      <module name="sap/ui/core/EnabledPropagator.js"/>
      <module name="sap/m/MultiComboBoxRenderer.js"/>
      <module name="sap/m/Bar.js"/>
      <module name="sap/m/List.js"/>
      <module name="sap/m/Popover.js"/>
      <module name="sap/m/Dialog.js"/>
      <module name="sap/ui/core/IconPool.js"/>
      <module name="jquery.sap.xml.js"/>
      <module name="jquery.sap.global.js"/>
    </requires>
  </module>
  <module name="sap/m/MultiComboBoxRenderer.js" size="3871" compressedSize="1897">
    <description>! SAP UI development toolkit for HTML5 (SAPUI5)  (c) Copyright 2009-2014 SAP AG. All rights reserved</description>
    <requires>
      <module name="sap/m/InputBaseRenderer.js"/>
      <module name="sap/ui/core/Renderer.js"/>
      <module name="sap/ui/core/ValueStateSupport.js"/>
      <module name="jquery.sap.global.js"/>
    </requires>
  </module>
  <module name="sap/m/MultiInput.js" size="22496" compressedSize="8468">
    <description>Provides control sap.m.MultiInput.</description>
    <requires>
      <module name="sap/m/library.js"/>
      <module name="sap/m/Input.js"/>
      <module name="sap/ui/core/Item.js"/>
      <module name="sap/m/Token.js"/>
      <module name="jquery.sap.global.js"/>
    </requires>
  </module>
  <module name="sap/m/MultiInputRenderer.js" size="1273" compressedSize="1022">
    <description>! SAP UI development toolkit for HTML5 (SAPUI5)  (c) Copyright 2009-2014 SAP AG. All rights reserved</description>
    <requires>
      <module name="sap/ui/core/Renderer.js"/>
      <module name="sap/m/InputRenderer.js"/>
      <module name="jquery.sap.global.js"/>
    </requires>
  </module>
  <module name="sap/m/NavContainer.js" size="86901" compressedSize="21535">
    <description>Provides control sap.m.NavContainer.</description>
    <requires>
      <module name="sap/m/library.js"/>
      <module name="sap/ui/core/Control.js"/>
      <module name="jquery.sap.global.js"/>
    </requires>
  </module>
  <module name="sap/m/NavContainerRenderer.js" size="1596" compressedSize="698">
    <description>! SAP UI development toolkit for HTML5 (SAPUI5)  (c) Copyright 2009-2014 SAP AG. All rights reserved</description>
    <requires>
      <module name="jquery.sap.global.js"/>
    </requires>
  </module>
  <module name="sap/m/ObjectAttribute.js" size="10191" compressedSize="1551">
    <description>Provides control sap.m.ObjectAttribute.</description>
    <requires>
      <module name="sap/m/library.js"/>
      <module name="sap/ui/core/Control.js"/>
      <module name="jquery.sap.global.js"/>
    </requires>
  </module>
  <module name="sap/m/ObjectAttributeRenderer.js" size="1134" compressedSize="552">
    <description>@copyright</description>
    <requires>
      <module name="jquery.sap.global.js"/>
    </requires>
  </module>
  <module name="sap/m/ObjectHeader.js" size="46692" compressedSize="7557">
    <description>Provides control sap.m.ObjectHeader.</description>
    <requires>
      <module name="sap/m/library.js"/>
      <module name="sap/ui/core/Control.js"/>
      <module name="sap/ui/core/IconPool.js"/>
      <module name="jquery.sap.global.js"/>
    </requires>
  </module>
  <module name="sap/m/ObjectHeaderRenderer.js" size="29288" compressedSize="13821">
    <description>@copyright</description>
    <requires>
      <module name="sap/ui/core/IconPool.js"/>
      <module name="jquery.sap.global.js"/>
    </requires>
  </module>
  <module name="sap/m/ObjectIdentifier.js" size="10470" compressedSize="2208">
    <description>Provides control sap.m.ObjectIdentifier.</description>
    <requires>
      <module name="sap/m/library.js"/>
      <module name="sap/ui/core/Control.js"/>
      <module name="sap/ui/core/IconPool.js"/>
      <module name="jquery.sap.global.js"/>
    </requires>
  </module>
  <module name="sap/m/ObjectIdentifierRenderer.js" size="2472" compressedSize="1391">
    <description>! SAP UI development toolkit for HTML5 (SAPUI5)  (c) Copyright 2009-2014 SAP AG. All rights reserved</description>
    <requires>
      <module name="jquery.sap.global.js"/>
    </requires>
  </module>
  <module name="sap/m/ObjectListItem.js" size="21261" compressedSize="4094">
    <description>Provides control sap.m.ObjectListItem.</description>
    <requires>
      <module name="sap/m/library.js"/>
      <module name="sap/m/ListItemBase.js"/>
      <module name="sap/ui/core/IconPool.js"/>
      <module name="jquery.sap.global.js"/>
    </requires>
  </module>
  <module name="sap/m/ObjectListItemRenderer.js" size="6385" compressedSize="3353">
    <description>! SAP UI development toolkit for HTML5 (SAPUI5)  (c) Copyright 2009-2014 SAP AG. All rights reserved</description>
    <requires>
      <module name="sap/ui/core/Renderer.js"/>
      <module name="sap/m/ListItemBaseRenderer.js"/>
      <module name="jquery.sap.global.js"/>
    </requires>
  </module>
  <module name="sap/m/ObjectNumber.js" size="8577" compressedSize="1053">
    <description>Provides control sap.m.ObjectNumber.</description>
    <requires>
      <module name="sap/m/library.js"/>
      <module name="sap/ui/core/Control.js"/>
      <module name="jquery.sap.global.js"/>
    </requires>
  </module>
  <module name="sap/m/ObjectNumberRenderer.js" size="1460" compressedSize="701">
    <description>@copyright</description>
    <requires>
      <module name="jquery.sap.global.js"/>
    </requires>
  </module>
  <module name="sap/m/ObjectStatus.js" size="9424" compressedSize="1746">
    <description>Provides control sap.m.ObjectStatus.</description>
    <requires>
      <module name="sap/m/library.js"/>
      <module name="sap/ui/core/Control.js"/>
      <module name="sap/ui/core/IconPool.js"/>
      <module name="jquery.sap.global.js"/>
    </requires>
  </module>
  <module name="sap/m/ObjectStatusRenderer.js" size="1756" compressedSize="961">
    <description>! SAP UI development toolkit for HTML5 (SAPUI5)  (c) Copyright 2009-2014 SAP AG. All rights reserved</description>
    <requires>
      <module name="jquery.sap.global.js"/>
    </requires>
  </module>
  <module name="sap/m/Page.js" size="37075" compressedSize="9068">
    <description>Provides control sap.m.Page.</description>
    <requires>
      <module name="sap/m/library.js"/>
      <module name="sap/ui/core/Control.js"/>
      <module name="jquery.sap.global.js"/>
    </requires>
  </module>
  <module name="sap/m/PageRenderer.js" size="2849" compressedSize="1365">
    <description>! SAP UI development toolkit for HTML5 (SAPUI5)  (c) Copyright 2009-2014 SAP AG. All rights reserved</description>
    <requires>
      <module name="jquery.sap.global.js"/>
    </requires>
  </module>
  <module name="sap/m/Panel.js" size="18256" compressedSize="2644">
    <description>Provides control sap.m.Panel.</description>
    <requires>
      <module name="sap/m/library.js"/>
      <module name="sap/ui/core/Control.js"/>
      <module name="jquery.sap.global.js"/>
    </requires>
  </module>
  <module name="sap/m/PanelRenderer.js" size="3295" compressedSize="1595">
    <description>! SAP UI development toolkit for HTML5 (SAPUI5)  (c) Copyright 2009-2014 SAP AG. All rights reserved</description>
    <requires>
      <module name="jquery.sap.global.js"/>
    </requires>
  </module>
  <module name="sap/m/Popover.js" size="98696" compressedSize="31024">
    <description>Provides control sap.m.Popover.</description>
    <requires>
      <module name="sap/m/library.js"/>
      <module name="sap/ui/core/Control.js"/>
      <module name="sap/ui/core/Popup.js"/>
      <module name="sap/m/Bar.js"/>
      <module name="sap/m/Button.js"/>
      <module name="sap/ui/core/delegate/ScrollEnablement.js"/>
      <module name="sap/m/InstanceManager.js"/>
      <module name="sap/ui/core/theming/Parameters.js"/>
      <module name="jquery.sap.global.js"/>
    </requires>
  </module>
  <module name="sap/m/PopoverRenderer.js" size="6715" compressedSize="3624">
    <description>! SAP UI development toolkit for HTML5 (SAPUI5)  (c) Copyright 2009-2014 SAP AG. All rights reserved</description>
    <requires>
      <module name="jquery.sap.global.js"/>
    </requires>
  </module>
  <module name="sap/m/ProgressIndicator.js" size="11462" compressedSize="1943">
    <description>Provides control sap.m.ProgressIndicator.</description>
    <requires>
      <module name="sap/m/library.js"/>
      <module name="sap/ui/core/Control.js"/>
      <module name="jquery.sap.global.js"/>
    </requires>
  </module>
  <module name="sap/m/ProgressIndicatorRenderer.js" size="2737" compressedSize="1493">
    <description>! SAP UI development toolkit for HTML5 (SAPUI5)  (c) Copyright 2009-2014 SAP AG. All rights reserved</description>
    <requires>
      <module name="jquery.sap.global.js"/>
    </requires>
  </module>
  <module name="sap/m/PullToRefresh.js" size="16778" compressedSize="5226">
    <description>Provides control sap.m.PullToRefresh.</description>
    <requires>
      <module name="sap/m/library.js"/>
      <module name="sap/ui/core/Control.js"/>
      <module name="sap/ui/core/theming/Parameters.js"/>
      <module name="jquery.sap.global.js"/>
    </requires>
  </module>
  <module name="sap/m/PullToRefreshRenderer.js" size="2301" compressedSize="1220">
    <description>! SAP UI development toolkit for HTML5 (SAPUI5)  (c) Copyright 2009-2014 SAP AG. All rights reserved</description>
    <requires>
      <module name="sap/ui/core/IconPool.js"/>
      <module name="jquery.sap.global.js"/>
    </requires>
  </module>
  <module name="sap/m/RadioButton.js" size="17626" compressedSize="3789">
    <description>Provides control sap.m.RadioButton.</description>
    <requires>
      <module name="sap/m/library.js"/>
      <module name="sap/ui/core/Control.js"/>
      <module name="sap/ui/core/EnabledPropagator.js"/>
      <module name="jquery.sap.global.js"/>
    </requires>
  </module>
  <module name="sap/m/RadioButtonRenderer.js" size="3301" compressedSize="1566">
    <description>! SAP UI development toolkit for HTML5 (SAPUI5)  (c) Copyright 2009-2014 SAP AG. All rights reserved</description>
    <requires>
      <module name="sap/ui/core/ValueStateSupport.js"/>
      <module name="jquery.sap.global.js"/>
    </requires>
  </module>
  <module name="sap/m/RatingIndicator.js" size="37193" compressedSize="9556">
    <description>Provides control sap.m.RatingIndicator.</description>
    <requires>
      <module name="sap/m/library.js"/>
      <module name="sap/ui/core/Control.js"/>
      <module name="sap/ui/core/IconPool.js"/>
      <module name="sap/ui/core/theming/Parameters.js"/>
      <module name="jquery.sap.global.js"/>
    </requires>
  </module>
  <module name="sap/m/RatingIndicatorRenderer.js" size="5296" compressedSize="2171">
    <description>! SAP UI development toolkit for HTML5 (SAPUI5)  (c) Copyright 2009-2014 SAP AG. All rights reserved</description>
    <requires>
      <module name="sap/ui/core/theming/Parameters.js"/>
      <module name="jquery.sap.global.js"/>
    </requires>
  </module>
  <module name="sap/m/ResponsivePopover.js" size="45517" compressedSize="8658">
    <description>Provides control sap.m.ResponsivePopover.</description>
    <requires>
      <module name="sap/m/library.js"/>
      <module name="sap/ui/core/Control.js"/>
      <module name="sap/ui/core/IconPool.js"/>
      <module name="sap/m/Popover.js"/>
      <module name="sap/m/Dialog.js"/>
      <module name="jquery.sap.global.js"/>
    </requires>
  </module>
  <module name="sap/m/ResponsivePopoverRenderer.js" size="669" compressedSize="262">
    <description>! SAP UI development toolkit for HTML5 (SAPUI5)  (c) Copyright 2009-2014 SAP AG. All rights reserved</description>
    <requires>
      <module name="jquery.sap.global.js"/>
    </requires>
  </module>
  <module name="sap/m/ScrollContainer.js" size="14084" compressedSize="1944">
    <description>Provides control sap.m.ScrollContainer.</description>
    <requires>
      <module name="sap/m/library.js"/>
      <module name="sap/ui/core/Control.js"/>
      <module name="jquery.sap.global.js"/>
    </requires>
  </module>
  <module name="sap/m/ScrollContainerRenderer.js" size="1681" compressedSize="884">
    <description>! SAP UI development toolkit for HTML5 (SAPUI5)  (c) Copyright 2009-2014 SAP AG. All rights reserved</description>
    <requires>
      <module name="jquery.sap.global.js"/>
    </requires>
  </module>
  <module name="sap/m/SearchField.js" size="25887" compressedSize="5319">
    <description>Provides control sap.m.SearchField.</description>
    <requires>
      <module name="sap/m/library.js"/>
      <module name="sap/ui/core/Control.js"/>
      <module name="sap/ui/core/EnabledPropagator.js"/>
      <module name="sap/ui/core/IconPool.js"/>
      <module name="sap/ui/core/theming/Parameters.js"/>
      <module name="jquery.sap.global.js"/>
    </requires>
  </module>
  <module name="sap/m/SearchFieldRenderer.js" size="6072" compressedSize="3341">
    <description>! SAP UI development toolkit for HTML5 (SAPUI5)  (c) Copyright 2009-2014 SAP AG. All rights reserved</description>
    <requires>
      <module name="jquery.sap.global.js"/>
    </requires>
  </module>
  <module name="sap/m/SegmentedButton.js" size="26408" compressedSize="7804">
    <description>Provides control sap.m.SegmentedButton.</description>
    <requires>
      <module name="sap/m/library.js"/>
      <module name="sap/ui/core/Control.js"/>
      <module name="sap/ui/core/delegate/ItemNavigation.js"/>
      <module name="sap/ui/core/EnabledPropagator.js"/>
      <module name="jquery.sap.global.js"/>
    </requires>
  </module>
  <module name="sap/m/SegmentedButtonRenderer.js" size="2769" compressedSize="1465">
    <description>! SAP UI development toolkit for HTML5 (SAPUI5)  (c) Copyright 2009-2014 SAP AG. All rights reserved</description>
    <requires>
      <module name="jquery.sap.global.js"/>
    </requires>
  </module>
  <module name="sap/m/Select.js" size="65791" compressedSize="19142">
    <description>Provides control sap.m.Select.</description>
    <requires>
      <module name="sap/m/library.js"/>
      <module name="sap/ui/core/Control.js"/>
      <module name="sap/ui/core/EnabledPropagator.js"/>
      <module name="sap/m/SelectRenderer.js"/>
      <module name="sap/m/InputBase.js"/>
      <module name="sap/m/Bar.js"/>
      <module name="sap/m/List.js"/>
      <module name="sap/m/Popover.js"/>
      <module name="sap/m/Dialog.js"/>
      <module name="sap/ui/core/IconPool.js"/>
      <module name="jquery.sap.global.js"/>
    </requires>
  </module>
  <module name="sap/m/SelectDialog.js" size="51894" compressedSize="12840">
    <description>Provides control sap.m.SelectDialog.</description>
    <requires>
      <module name="sap/m/library.js"/>
      <module name="sap/ui/core/Control.js"/>
      <module name="sap/m/Button.js"/>
      <module name="sap/m/Dialog.js"/>
      <module name="sap/m/List.js"/>
      <module name="sap/m/SearchField.js"/>
      <module name="jquery.sap.global.js"/>
    </requires>
  </module>
  <module name="sap/m/SelectDialogRenderer.js" size="649" compressedSize="247">
    <description>! SAP UI development toolkit for HTML5 (SAPUI5)  (c) Copyright 2009-2014 SAP AG. All rights reserved</description>
    <requires>
      <module name="jquery.sap.global.js"/>
    </requires>
  </module>
  <module name="sap/m/SelectRenderer.js" size="5899" compressedSize="2297">
    <description>! SAP UI development toolkit for HTML5 (SAPUI5)  (c) Copyright 2009-2014 SAP AG. All rights reserved</description>
    <requires>
      <module name="sap/ui/core/ValueStateSupport.js"/>
      <module name="jquery.sap.global.js"/>
    </requires>
  </module>
  <module name="sap/m/Shell.js" size="18908" compressedSize="2833">
    <description>Provides control sap.m.Shell.</description>
    <requires>
      <module name="sap/m/library.js"/>
      <module name="sap/ui/core/Control.js"/>
      <module name="jquery.sap.global.js"/>
    </requires>
  </module>
  <module name="sap/m/ShellRenderer.js" size="3563" compressedSize="2380">
    <description>! SAP UI development toolkit for HTML5 (SAPUI5)  (c) Copyright 2009-2014 SAP AG. All rights reserved</description>
    <requires>
      <module name="jquery.sap.global.js"/>
    </requires>
  </module>
  <module name="sap/m/Slider.js" size="35102" compressedSize="8824">
    <description>Provides control sap.m.Slider.</description>
    <requires>
      <module name="sap/m/library.js"/>
      <module name="sap/ui/core/Control.js"/>
      <module name="sap/ui/core/EnabledPropagator.js"/>
      <module name="sap/m/SliderRenderer.js"/>
      <module name="jquery.sap.global.js"/>
    </requires>
  </module>
  <module name="sap/m/SliderRenderer.js" size="3164" compressedSize="1963">
    <description>! SAP UI development toolkit for HTML5 (SAPUI5)  (c) Copyright 2009-2014 SAP AG. All rights reserved</description>
    <requires>
      <module name="jquery.sap.global.js"/>
    </requires>
  </module>
  <module name="sap/m/SplitApp.js" size="10168" compressedSize="1836">
    <description>Provides control sap.m.SplitApp.</description>
    <requires>
      <module name="sap/m/library.js"/>
      <module name="sap/m/SplitContainer.js"/>
      <module name="jquery.sap.global.js"/>
    </requires>
  </module>
  <module name="sap/m/SplitAppRenderer.js" size="893" compressedSize="723">
    <description>! SAP UI development toolkit for HTML5 (SAPUI5)  (c) Copyright 2009-2014 SAP AG. All rights reserved</description>
    <requires>
      <module name="sap/ui/core/Renderer.js"/>
      <module name="sap/m/SplitContainerRenderer.js"/>
      <module name="jquery.sap.global.js"/>
    </requires>
  </module>
  <module name="sap/m/SplitContainer.js" size="121262" compressedSize="28159">
    <description>Provides control sap.m.SplitContainer.</description>
    <requires>
      <module name="sap/m/library.js"/>
      <module name="sap/ui/core/Control.js"/>
      <module name="sap/ui/core/theming/Parameters.js"/>
      <module name="sap/ui/core/IconPool.js"/>
      <module name="jquery.sap.global.js"/>
    </requires>
  </module>
  <module name="sap/m/SplitContainerRenderer.js" size="2589" compressedSize="1522">
    <description>! SAP UI development toolkit for HTML5 (SAPUI5)  (c) Copyright 2009-2014 SAP AG. All rights reserved</description>
    <requires>
      <module name="jquery.sap.global.js"/>
    </requires>
  </module>
  <module name="sap/m/StandardListItem.js" size="12073" compressedSize="2058">
    <description>Provides control sap.m.StandardListItem.</description>
    <requires>
      <module name="sap/m/library.js"/>
      <module name="sap/m/ListItemBase.js"/>
      <module name="sap/ui/core/EnabledPropagator.js"/>
      <module name="sap/ui/core/IconPool.js"/>
      <module name="jquery.sap.global.js"/>
    </requires>
  </module>
  <module name="sap/m/StandardListItemRenderer.js" size="4614" compressedSize="3141">
    <description>! SAP UI development toolkit for HTML5 (SAPUI5)  (c) Copyright 2009-2014 SAP AG. All rights reserved</description>
    <requires>
      <module name="sap/ui/core/Renderer.js"/>
      <module name="sap/m/ListItemBaseRenderer.js"/>
      <module name="jquery.sap.global.js"/>
    </requires>
  </module>
  <module name="sap/m/StandardTile.js" size="10805" compressedSize="1620">
    <description>Provides control sap.m.StandardTile.</description>
    <requires>
      <module name="sap/m/library.js"/>
      <module name="sap/m/Tile.js"/>
      <module name="sap/ui/core/IconPool.js"/>
      <module name="jquery.sap.global.js"/>
    </requires>
  </module>
  <module name="sap/m/StandardTileRenderer.js" size="3059" compressedSize="1951">
    <description>! SAP UI development toolkit for HTML5 (SAPUI5)  (c) Copyright 2009-2014 SAP AG. All rights reserved</description>
    <requires>
      <module name="sap/m/TileRenderer.js"/>
      <module name="jquery.sap.global.js"/>
    </requires>
  </module>
  <module name="sap/m/Support.js" size="7342" compressedSize="3459">
    <description>! SAP UI development toolkit for HTML5 (SAPUI5)  (c) Copyright 2009-2014 SAP AG. All rights reserved</description>
    <requires>
      <module name="jquery.sap.global.js"/>
    </requires>
  </module>
  <module name="sap/m/Switch.js" size="21084" compressedSize="5206">
    <description>Provides control sap.m.Switch.</description>
    <requires>
      <module name="sap/m/library.js"/>
      <module name="sap/ui/core/Control.js"/>
      <module name="sap/ui/core/EnabledPropagator.js"/>
      <module name="sap/ui/core/theming/Parameters.js"/>
      <module name="sap/ui/core/IconPool.js"/>
      <module name="sap/m/SwitchRenderer.js"/>
      <module name="jquery.sap.global.js"/>
    </requires>
  </module>
  <module name="sap/m/SwitchRenderer.js" size="3638" compressedSize="2147">
    <description>! SAP UI development toolkit for HTML5 (SAPUI5)  (c) Copyright 2009-2014 SAP AG. All rights reserved</description>
    <requires>
      <module name="jquery.sap.global.js"/>
    </requires>
  </module>
  <module name="sap/m/Table.js" size="20943" compressedSize="6654">
    <description>Provides control sap.m.Table.</description>
    <requires>
      <module name="sap/m/library.js"/>
      <module name="sap/m/ListBase.js"/>
      <module name="jquery.sap.global.js"/>
    </requires>
  </module>
  <module name="sap/m/TablePersoController.js" size="20685" compressedSize="8766">
    <description>Provides TablePersoController</description>
    <requires>
      <module name="sap/ui/base/ManagedObject.js"/>
      <module name="sap/m/TablePersoDialog.js"/>
      <module name="jquery.sap.global.js"/>
    </requires>
  </module>
  <module name="sap/m/TablePersoDialog.js" size="18629" compressedSize="9829">
    <description>Provides TablePersoDialog</description>
    <requires>
      <module name="sap/ui/base/ManagedObject.js"/>
      <module name="sap/m/InputListItem.js"/>
      <module name="sap/m/Dialog.js"/>
      <module name="sap/m/List.js"/>
      <module name="sap/m/Toolbar.js"/>
      <module name="sap/m/Button.js"/>
      <module name="jquery.sap.global.js"/>
    </requires>
  </module>
  <module name="sap/m/TablePersoProvider.js" size="4123" compressedSize="1261">
    <description>Provides TablePersoProvider</description>
    <requires>
      <module name="sap/ui/base/ManagedObject.js"/>
      <module name="jquery.sap.global.js"/>
    </requires>
  </module>
  <module name="sap/m/TableRenderer.js" size="5784" compressedSize="3511">
    <requires>
      <module name="sap/ui/core/Renderer.js"/>
      <module name="sap/m/ListBaseRenderer.js"/>
      <module name="jquery.sap.global.js"/>
    </requires>
  </module>
  <module name="sap/m/TableSelectDialog.js" size="54901" compressedSize="13222">
    <description>Provides control sap.m.TableSelectDialog.</description>
    <requires>
      <module name="sap/m/library.js"/>
      <module name="sap/ui/core/Control.js"/>
      <module name="sap/m/Button.js"/>
      <module name="sap/m/Dialog.js"/>
      <module name="sap/m/Table.js"/>
      <module name="sap/m/SearchField.js"/>
      <module name="jquery.sap.global.js"/>
    </requires>
  </module>
  <module name="sap/m/TableSelectDialogRenderer.js" size="664" compressedSize="262">
    <description>! SAP UI development toolkit for HTML5 (SAPUI5)  (c) Copyright 2009-2014 SAP AG. All rights reserved</description>
    <requires>
      <module name="jquery.sap.global.js"/>
    </requires>
  </module>
  <module name="sap/m/Text.js" size="16975" compressedSize="3251">
    <description>Provides control sap.m.Text.</description>
    <requires>
      <module name="sap/m/library.js"/>
      <module name="sap/ui/core/Control.js"/>
      <module name="jquery.sap.global.js"/>
    </requires>
  </module>
  <module name="sap/m/TextArea.js" size="13109" compressedSize="2473">
    <description>Provides control sap.m.TextArea.</description>
    <requires>
      <module name="sap/m/library.js"/>
      <module name="sap/m/InputBase.js"/>
      <module name="jquery.sap.global.js"/>
    </requires>
  </module>
  <module name="sap/m/TextAreaRenderer.js" size="1933" compressedSize="1134">
    <requires>
      <module name="sap/ui/core/Renderer.js"/>
      <module name="sap/m/InputBaseRenderer.js"/>
      <module name="jquery.sap.global.js"/>
    </requires>
  </module>
  <module name="sap/m/TextRenderer.js" size="3141" compressedSize="1372">
    <description>Provides default renderer for control sap.m.Text</description>
    <requires>
      <module name="sap/ui/core/Renderer.js"/>
      <module name="jquery.sap.global.js"/>
    </requires>
  </module>
  <module name="sap/m/Tile.js" size="10663" compressedSize="2774">
    <description>Provides control sap.m.Tile.</description>
    <requires>
      <module name="sap/m/library.js"/>
      <module name="sap/ui/core/Control.js"/>
      <module name="jquery.sap.global.js"/>
    </requires>
  </module>
  <module name="sap/m/TileContainer.js" size="57471" compressedSize="23259">
    <description>Provides control sap.m.TileContainer.</description>
    <requires>
      <module name="sap/m/library.js"/>
      <module name="sap/ui/core/Control.js"/>
      <module name="sap/ui/core/IconPool.js"/>
      <module name="jquery.sap.global.js"/>
    </requires>
  </module>
  <module name="sap/m/TileContainerRenderer.js" size="1996" compressedSize="1352">
    <description>! SAP UI development toolkit for HTML5 (SAPUI5)  (c) Copyright 2009-2014 SAP AG. All rights reserved</description>
    <requires>
      <module name="jquery.sap.global.js"/>
    </requires>
  </module>
  <module name="sap/m/TileRenderer.js" size="1499" compressedSize="854">
    <description>Provides default renderer for control sap.m.Text</description>
    <requires>
      <module name="sap/ui/core/Renderer.js"/>
      <module name="jquery.sap.global.js"/>
    </requires>
  </module>
  <module name="sap/m/ToggleButton.js" size="4813" compressedSize="1008">
    <description>Provides control sap.m.ToggleButton.</description>
    <requires>
      <module name="sap/m/library.js"/>
      <module name="sap/m/Button.js"/>
      <module name="sap/ui/core/EnabledPropagator.js"/>
      <module name="jquery.sap.global.js"/>
    </requires>
  </module>
  <module name="sap/m/ToggleButtonRenderer.js" size="1096" compressedSize="487">
    <description>Provides default renderer for control sap.ui.commons.Togglebutton</description>
    <requires>
      <module name="sap/m/ButtonRenderer.js"/>
      <module name="sap/ui/core/Renderer.js"/>
      <module name="jquery.sap.global.js"/>
    </requires>
  </module>
  <module name="sap/m/Token.js" size="11654" compressedSize="1856">
    <description>Provides control sap.m.Token.</description>
    <requires>
      <module name="sap/m/library.js"/>
      <module name="sap/ui/core/Control.js"/>
      <module name="jquery.sap.global.js"/>
    </requires>
  </module>
  <module name="sap/m/TokenRenderer.js" size="1569" compressedSize="606">
    <description>! SAP UI development toolkit for HTML5 (SAPUI5)  (c) Copyright 2009-2014 SAP AG. All rights reserved</description>
    <requires>
      <module name="jquery.sap.global.js"/>
    </requires>
  </module>
  <module name="sap/m/Tokenizer.js" size="21315" compressedSize="6448">
    <description>Provides control sap.m.Tokenizer.</description>
    <requires>
      <module name="sap/m/library.js"/>
      <module name="sap/ui/core/Control.js"/>
      <module name="jquery.sap.global.js"/>
    </requires>
  </module>
  <module name="sap/m/TokenizerRenderer.js" size="1444" compressedSize="541">
    <description>! SAP UI development toolkit for HTML5 (SAPUI5)  (c) Copyright 2009-2014 SAP AG. All rights reserved</description>
    <requires>
      <module name="jquery.sap.global.js"/>
    </requires>
  </module>
  <module name="sap/m/Toolbar.js" size="31504" compressedSize="9155">
    <description>Provides control sap.m.Toolbar.</description>
    <requires>
      <module name="sap/m/library.js"/>
      <module name="sap/ui/core/Control.js"/>
      <module name="sap/m/ToolbarSpacer.js"/>
      <module name="sap/m/ToolbarDesign.js"/>
      <module name="sap/m/BarInPageEnabler.js"/>
      <module name="sap/m/ToolbarLayoutData.js"/>
      <module name="sap/ui/core/ResizeHandler.js"/>
      <module name="sap/ui/core/EnabledPropagator.js"/>
      <module name="jquery.sap.global.js"/>
    </requires>
  </module>
  <module name="sap/m/ToolbarLayoutData.js" size="6352" compressedSize="879">
    <description>Provides control sap.m.ToolbarLayoutData.</description>
    <requires>
      <module name="sap/m/library.js"/>
      <module name="sap/ui/core/LayoutData.js"/>
      <module name="jquery.sap.global.js"/>
    </requires>
  </module>
  <module name="sap/m/ToolbarRenderer.js" size="2049" compressedSize="1023">
    <description>! SAP UI development toolkit for HTML5 (SAPUI5)  (c) Copyright 2009-2014 SAP AG. All rights reserved</description>
    <requires>
      <module name="sap/ui/core/Renderer.js"/>
      <module name="jquery.sap.global.js"/>
    </requires>
  </module>
  <module name="sap/m/ToolbarSpacer.js" size="3936" compressedSize="450">
    <description>Provides control sap.m.ToolbarSpacer.</description>
    <requires>
      <module name="sap/m/library.js"/>
      <module name="sap/ui/core/Control.js"/>
      <module name="jquery.sap.global.js"/>
    </requires>
  </module>
  <module name="sap/m/ToolbarSpacerRenderer.js" size="663" compressedSize="514">
    <description>! SAP UI development toolkit for HTML5 (SAPUI5)  (c) Copyright 2009-2014 SAP AG. All rights reserved</description>
    <requires>
      <module name="sap/ui/core/Renderer.js"/>
      <module name="jquery.sap.global.js"/>
    </requires>
  </module>
  <module name="sap/m/VBox.js" size="2969" compressedSize="286">
    <description>Provides control sap.m.VBox.</description>
    <requires>
      <module name="sap/m/library.js"/>
      <module name="sap/m/FlexBox.js"/>
      <module name="jquery.sap.global.js"/>
    </requires>
  </module>
  <module name="sap/m/VBoxRenderer.js" size="747" compressedSize="313">
    <description>! SAP UI development toolkit for HTML5 (SAPUI5)  (c) Copyright 2009-2014 SAP AG. All rights reserved</description>
    <requires>
      <module name="sap/m/FlexBoxRenderer.js"/>
      <module name="jquery.sap.global.js"/>
    </requires>
  </module>
  <module name="sap/m/ViewSettingsCustomItem.js" size="6085" compressedSize="824">
    <description>Provides control sap.m.ViewSettingsCustomItem.</description>
    <requires>
      <module name="sap/m/library.js"/>
      <module name="sap/m/ViewSettingsItem.js"/>
      <module name="jquery.sap.global.js"/>
    </requires>
  </module>
  <module name="sap/m/ViewSettingsDialog.js" size="81914" compressedSize="26083">
    <description>Provides control sap.m.ViewSettingsDialog.</description>
    <requires>
      <module name="sap/m/library.js"/>
      <module name="sap/ui/core/Control.js"/>
      <module name="sap/ui/core/IconPool.js"/>
      <module name="jquery.sap.global.js"/>
    </requires>
  </module>
  <module name="sap/m/ViewSettingsDialogRenderer.js" size="681" compressedSize="265">
    <description>! SAP UI development toolkit for HTML5 (SAPUI5)  (c) Copyright 2009-2014 SAP AG. All rights reserved</description>
    <requires>
      <module name="jquery.sap.global.js"/>
    </requires>
  </module>
  <module name="sap/m/ViewSettingsFilterItem.js" size="6686" compressedSize="508">
    <description>Provides control sap.m.ViewSettingsFilterItem.</description>
    <requires>
      <module name="sap/m/library.js"/>
      <module name="sap/m/ViewSettingsItem.js"/>
      <module name="jquery.sap.global.js"/>
    </requires>
  </module>
  <module name="sap/m/ViewSettingsItem.js" size="3788" compressedSize="393">
    <description>Provides control sap.m.ViewSettingsItem.</description>
    <requires>
      <module name="sap/m/library.js"/>
      <module name="sap/ui/core/Item.js"/>
      <module name="jquery.sap.global.js"/>
    </requires>
  </module>
  <module name="sap/m/ios7.js" size="6240" compressedSize="3173">
    <description>declare unusual global vars for JSLint/SAPUI5 validation</description>
    <requires>
      <module name="jquery.sap.global.js"/>
    </requires>
  </module>
  <module name="sap/m/library.js" size="76343" compressedSize="18031">
    <description>Initialization Code and shared classes of library sap.m (1.22.7)</description>
    <requires>
      <module name="sap/ui/core/Core.js"/>
      <module name="sap/ui/core/library.js"/>
      <module name="jquery.sap.mobile.js"/>
      <module name="sap/m/Support.js"/>
      <module name="sap/ui/Device.js"/>
      <module name="sap/m/ios7.js" conditional="true"/>
      <module name="jquery.sap.global.js"/>
    </requires>
    <includes>
      <module name="sap/m/BackgroundDesign.js"/>
      <module name="sap/m/BarDesign.js"/>
      <module name="sap/m/ButtonType.js"/>
      <module name="sap/m/DateTimeInputType.js"/>
      <module name="sap/m/DialogType.js"/>
      <module name="sap/m/FacetFilterType.js"/>
      <module name="sap/m/FlexAlignItems.js"/>
      <module name="sap/m/FlexAlignSelf.js"/>
      <module name="sap/m/FlexDirection.js"/>
      <module name="sap/m/FlexJustifyContent.js"/>
      <module name="sap/m/FlexRendertype.js"/>
      <module name="sap/m/HeaderLevel.js"/>
      <module name="sap/m/IBarHTMLTag.js"/>
      <module name="sap/m/IconTabFilterDesign.js"/>
      <module name="sap/m/InputType.js"/>
      <module name="sap/m/LabelDesign.js"/>
      <module name="sap/m/ListHeaderDesign.js"/>
      <module name="sap/m/ListMode.js"/>
      <module name="sap/m/ListSeparators.js"/>
      <module name="sap/m/ListType.js"/>
      <module name="sap/m/PageBackgroundDesign.js"/>
      <module name="sap/m/PlacementType.js"/>
      <module name="sap/m/PopinDisplay.js"/>
      <module name="sap/m/RatingIndicatorVisualMode.js"/>
      <module name="sap/m/ScreenSize.js"/>
      <module name="sap/m/SelectType.js"/>
      <module name="sap/m/SplitAppMode.js"/>
      <module name="sap/m/StandardTileType.js"/>
      <module name="sap/m/SwipeDirection.js"/>
      <module name="sap/m/SwitchType.js"/>
      <module name="sap/m/ToolbarDesign.js"/>
    </includes>
  </module>
  <module name="sap/m/library.properties" size="5637">
  </module>
  <module name="sap/m/messagebundle.properties" size="7761">
  </module>
  <module name="sap/m/messagebundle_ar.properties" size="10485">
  </module>
  <module name="sap/m/messagebundle_bg.properties" size="11014">
  </module>
  <module name="sap/m/messagebundle_ca.properties" size="7769">
  </module>
  <module name="sap/m/messagebundle_cs.properties" size="7972">
  </module>
  <module name="sap/m/messagebundle_da.properties" size="7587">
  </module>
  <module name="sap/m/messagebundle_de.properties" size="7706">
  </module>
  <module name="sap/m/messagebundle_el.properties" size="10974">
  </module>
  <module name="sap/m/messagebundle_en.properties" size="7494">
  </module>
  <module name="sap/m/messagebundle_es.properties" size="7689">
  </module>
  <module name="sap/m/messagebundle_et.properties" size="7666">
  </module>
  <module name="sap/m/messagebundle_fi.properties" size="7855">
  </module>
  <module name="sap/m/messagebundle_fr.properties" size="7843">
  </module>
  <module name="sap/m/messagebundle_hi.properties" size="10751">
  </module>
  <module name="sap/m/messagebundle_hr.properties" size="7688">
  </module>
  <module name="sap/m/messagebundle_hu.properties" size="8256">
  </module>
  <module name="sap/m/messagebundle_it.properties" size="7639">
  </module>
  <module name="sap/m/messagebundle_iw.properties" size="9471">
  </module>
  <module name="sap/m/messagebundle_ja.properties" size="8698">
  </module>
  <module name="sap/m/messagebundle_ko.properties" size="8407">
  </module>
  <module name="sap/m/messagebundle_lt.properties" size="7922">
  </module>
  <module name="sap/m/messagebundle_lv.properties" size="7993">
  </module>
  <module name="sap/m/messagebundle_nl.properties" size="7632">
  </module>
  <module name="sap/m/messagebundle_no.properties" size="7598">
  </module>
  <module name="sap/m/messagebundle_pl.properties" size="7895">
  </module>
  <module name="sap/m/messagebundle_pt.properties" size="7726">
  </module>
  <module name="sap/m/messagebundle_ro.properties" size="7867">
  </module>
  <module name="sap/m/messagebundle_ru.properties" size="11049">
  </module>
  <module name="sap/m/messagebundle_sh.properties" size="7686">
  </module>
  <module name="sap/m/messagebundle_sk.properties" size="8082">
  </module>
  <module name="sap/m/messagebundle_sl.properties" size="7694">
  </module>
  <module name="sap/m/messagebundle_sv.properties" size="7660">
  </module>
  <module name="sap/m/messagebundle_th.properties" size="10850">
  </module>
  <module name="sap/m/messagebundle_tr.properties" size="8035">
  </module>
  <module name="sap/m/messagebundle_uk.properties" size="11103">
  </module>
  <module name="sap/m/messagebundle_vi.properties" size="8725">
  </module>
  <module name="sap/m/messagebundle_zh_CN.properties" size="8201">
  </module>
  <module name="sap/m/messagebundle_zh_TW.properties" size="8179">
  </module>
  <module name="sap/m/routing/RouteMatchedHandler.js" size="12105" compressedSize="3766">
    <description>! SAP UI development toolkit for HTML5 (SAPUI5)  (c) Copyright 2009-2014 SAP AG. All rights reserved</description>
    <requires>
      <module name="sap/ui/base/Object.js"/>
      <module name="sap/ui/core/routing/Router.js"/>
      <module name="sap/ui/core/routing/History.js"/>
      <module name="sap/m/InstanceManager.js"/>
      <module name="sap/m/SplitContainer.js"/>
      <module name="sap/m/NavContainer.js"/>
      <module name="jquery.sap.global.js"/>
    </requires>
  </module>
</library>
