<?xml version="1.0" ?>
<library  version="2.0" name="sap.ui.unified">
  <module name="sap/ui/unified/Calendar.js" size="46063" compressedSize="17239">
    <description>Provides control sap.ui.unified.Calendar.</description>
    <requires>
      <module name="sap/ui/unified/library.js"/>
      <module name="sap/ui/core/Control.js"/>
      <module name="sap/ui/core/LocaleData.js"/>
      <module name="sap/ui/core/delegate/ItemNavigation.js"/>
      <module name="sap/ui/model/type/Date.js"/>
      <module name="jquery.sap.global.js"/>
    </requires>
  </module>
  <module name="sap/ui/unified/CalendarRenderer.js" size="9823" compressedSize="5498">
    <description>! SAP UI development toolkit for HTML5 (SAPUI5)  (c) Copyright 2009-2014 SAP AG. All rights reserved</description>
    <requires>
      <module name="jquery.sap.global.js"/>
    </requires>
  </module>
  <module name="sap/ui/unified/ContentSwitcher.js" size="14226" compressedSize="2174">
    <description>Provides control sap.ui.unified.ContentSwitcher.</description>
    <requires>
      <module name="sap/ui/unified/library.js"/>
      <module name="sap/ui/core/Control.js"/>
      <module name="jquery.sap.global.js"/>
    </requires>
  </module>
  <module name="sap/ui/unified/ContentSwitcherRenderer.js" size="1847" compressedSize="1142">
    <description>! SAP UI development toolkit for HTML5 (SAPUI5)  (c) Copyright 2009-2014 SAP AG. All rights reserved</description>
    <requires>
      <module name="jquery.sap.global.js"/>
    </requires>
  </module>
  <module name="sap/ui/unified/Currency.js" size="7439" compressedSize="1619">
    <description>Provides control sap.ui.unified.Currency.</description>
    <requires>
      <module name="sap/ui/unified/library.js"/>
      <module name="sap/ui/core/Control.js"/>
      <module name="sap/ui/core/format/NumberFormat.js"/>
      <module name="sap/ui/core/LocaleData.js"/>
      <module name="jquery.sap.global.js"/>
    </requires>
  </module>
  <module name="sap/ui/unified/CurrencyRenderer.js" size="1486" compressedSize="819">
    <description>Provides default renderer for control sap.ui.unified.Menu</description>
    <requires>
      <module name="jquery.sap.global.js"/>
    </requires>
  </module>
  <module name="sap/ui/unified/DateRange.js" size="5041" compressedSize="657">
    <description>Provides control sap.ui.unified.DateRange.</description>
    <requires>
      <module name="sap/ui/unified/library.js"/>
      <module name="sap/ui/core/Element.js"/>
      <module name="jquery.sap.global.js"/>
    </requires>
  </module>
  <module name="sap/ui/unified/FileUploader.js" size="61332" compressedSize="13356">
    <description>Provides control sap.ui.unified.FileUploader.</description>
    <requires>
      <module name="sap/ui/unified/library.js"/>
      <module name="sap/ui/core/Control.js"/>
      <module name="jquery.sap.global.js"/>
    </requires>
  </module>
  <module name="sap/ui/unified/FileUploaderParameter.js" size="4646" compressedSize="490">
    <description>Provides control sap.ui.unified.FileUploaderParameter.</description>
    <requires>
      <module name="sap/ui/unified/library.js"/>
      <module name="sap/ui/core/Element.js"/>
      <module name="jquery.sap.global.js"/>
    </requires>
  </module>
  <module name="sap/ui/unified/FileUploaderRenderer.js" size="2870" compressedSize="1746">
    <description>Provides default renderer for control sap.ui.unified.FileUploader</description>
    <requires>
      <module name="jquery.sap.global.js"/>
    </requires>
  </module>
  <module name="sap/ui/unified/Menu.js" size="39157" compressedSize="15340">
    <description>Provides control sap.ui.unified.Menu.</description>
    <requires>
      <module name="sap/ui/unified/library.js"/>
      <module name="sap/ui/core/Control.js"/>
      <module name="sap/ui/unified/MenuItemBase.js"/>
      <module name="sap/ui/core/Popup.js"/>
      <module name="jquery.sap.script.js"/>
      <module name="jquery.sap.global.js"/>
    </requires>
  </module>
  <module name="sap/ui/unified/MenuItem.js" size="6315" compressedSize="1880">
    <description>Provides control sap.ui.unified.MenuItem.</description>
    <requires>
      <module name="sap/ui/unified/library.js"/>
      <module name="sap/ui/unified/MenuItemBase.js"/>
      <module name="sap/ui/core/IconPool.js"/>
      <module name="jquery.sap.global.js"/>
    </requires>
  </module>
  <module name="sap/ui/unified/MenuItemBase.js" size="10938" compressedSize="1713">
    <description>Provides control sap.ui.unified.MenuItemBase.</description>
    <requires>
      <module name="sap/ui/unified/library.js"/>
      <module name="sap/ui/core/Element.js"/>
      <module name="jquery.sap.global.js"/>
    </requires>
  </module>
  <module name="sap/ui/unified/MenuRenderer.js" size="3304" compressedSize="1964">
    <description>Provides default renderer for control sap.ui.unified.Menu</description>
    <requires>
      <module name="jquery.sap.global.js"/>
    </requires>
  </module>
  <module name="sap/ui/unified/MenuTextFieldItem.js" size="13605" compressedSize="5150">
    <description>Provides control sap.ui.unified.MenuTextFieldItem.</description>
    <requires>
      <module name="sap/ui/unified/library.js"/>
      <module name="sap/ui/unified/MenuItemBase.js"/>
      <module name="sap/ui/core/ValueStateSupport.js"/>
      <module name="jquery.sap.global.js"/>
    </requires>
  </module>
  <module name="sap/ui/unified/Shell.js" size="47834" compressedSize="17345">
    <description>Provides control sap.ui.unified.Shell.</description>
    <requires>
      <module name="sap/ui/unified/library.js"/>
      <module name="sap/ui/core/Control.js"/>
      <module name="sap/ui/Device.js"/>
      <module name="jquery.sap.script.js"/>
      <module name="jquery.sap.dom.js"/>
      <module name="sap/ui/unified/SplitContainer.js"/>
      <module name="sap/ui/core/Popup.js"/>
      <module name="sap/ui/core/theming/Parameters.js"/>
      <module name="jquery.sap.global.js"/>
    </requires>
  </module>
  <module name="sap/ui/unified/ShellHeadItem.js" size="11596" compressedSize="2177">
    <description>Provides control sap.ui.unified.ShellHeadItem.</description>
    <requires>
      <module name="sap/ui/unified/library.js"/>
      <module name="sap/ui/core/Element.js"/>
      <module name="sap/ui/core/IconPool.js"/>
      <module name="jquery.sap.global.js"/>
    </requires>
  </module>
  <module name="sap/ui/unified/ShellHeadUserItem.js" size="8882" compressedSize="1794">
    <description>Provides control sap.ui.unified.ShellHeadUserItem.</description>
    <requires>
      <module name="sap/ui/unified/library.js"/>
      <module name="sap/ui/core/Element.js"/>
      <module name="sap/ui/core/IconPool.js"/>
      <module name="jquery.sap.global.js"/>
    </requires>
  </module>
  <module name="sap/ui/unified/ShellOverlay.js" size="17654" compressedSize="6962">
    <description>Provides control sap.ui.unified.ShellOverlay.</description>
    <requires>
      <module name="sap/ui/unified/library.js"/>
      <module name="sap/ui/core/Control.js"/>
      <module name="sap/ui/core/Popup.js"/>
      <module name="sap/ui/Device.js"/>
      <module name="sap/ui/unified/Shell.js"/>
      <module name="jquery.sap.script.js"/>
      <module name="jquery.sap.global.js"/>
    </requires>
  </module>
  <module name="sap/ui/unified/ShellOverlayRenderer.js" size="2648" compressedSize="1805">
    <description>Provides default renderer for control sap.ui.unified.ShellOverlay</description>
    <requires>
      <module name="jquery.sap.global.js"/>
    </requires>
  </module>
  <module name="sap/ui/unified/ShellRenderer.js" size="5632" compressedSize="4295">
    <description>Provides default renderer for control sap.ui.unified.Shell</description>
    <requires>
      <module name="jquery.sap.global.js"/>
    </requires>
  </module>
  <module name="sap/ui/unified/SplitContainer.js" size="22213" compressedSize="5678">
    <description>Provides control sap.ui.unified.SplitContainer.</description>
    <requires>
      <module name="sap/ui/unified/library.js"/>
      <module name="sap/ui/core/Control.js"/>
      <module name="sap/ui/core/theming/Parameters.js"/>
      <module name="jquery.sap.global.js"/>
    </requires>
  </module>
  <module name="sap/ui/unified/SplitContainerRenderer.js" size="2360" compressedSize="1466">
    <description>Provides default renderer for control sap.ui.unified.SplitContainer</description>
    <requires>
      <module name="jquery.sap.global.js"/>
    </requires>
  </module>
  <module name="sap/ui/unified/library.js" size="5600" compressedSize="2423">
    <description>Initialization Code and shared classes of library sap.ui.unified (1.22.7)</description>
    <requires>
      <module name="sap/ui/core/Core.js"/>
      <module name="sap/ui/core/library.js"/>
      <module name="jquery.sap.global.js"/>
    </requires>
    <includes>
      <module name="sap/ui/unified/ContentSwitcherAnimation.js"/>
    </includes>
  </module>
  <module name="sap/ui/unified/library.properties" size="1143">
  </module>
  <module name="sap/ui/unified/messagebundle.properties" size="959">
  </module>
  <module name="sap/ui/unified/messagebundle_ar.properties" size="1848">
  </module>
  <module name="sap/ui/unified/messagebundle_bg.properties" size="1773">
  </module>
  <module name="sap/ui/unified/messagebundle_ca.properties" size="960">
  </module>
  <module name="sap/ui/unified/messagebundle_cs.properties" size="944">
  </module>
  <module name="sap/ui/unified/messagebundle_da.properties" size="904">
  </module>
  <module name="sap/ui/unified/messagebundle_de.properties" size="947">
  </module>
  <module name="sap/ui/unified/messagebundle_el.properties" size="1847">
  </module>
  <module name="sap/ui/unified/messagebundle_en.properties" size="836">
  </module>
  <module name="sap/ui/unified/messagebundle_es.properties" size="948">
  </module>
  <module name="sap/ui/unified/messagebundle_et.properties" size="1006">
  </module>
  <module name="sap/ui/unified/messagebundle_fi.properties" size="1027">
  </module>
  <module name="sap/ui/unified/messagebundle_fr.properties" size="934">
  </module>
  <module name="sap/ui/unified/messagebundle_hi.properties" size="1641">
  </module>
  <module name="sap/ui/unified/messagebundle_hr.properties" size="890">
  </module>
  <module name="sap/ui/unified/messagebundle_hu.properties" size="1168">
  </module>
  <module name="sap/ui/unified/messagebundle_it.properties" size="923">
  </module>
  <module name="sap/ui/unified/messagebundle_iw.properties" size="1372">
  </module>
  <module name="sap/ui/unified/messagebundle_ja.properties" size="1343">
  </module>
  <module name="sap/ui/unified/messagebundle_ko.properties" size="1132">
  </module>
  <module name="sap/ui/unified/messagebundle_lt.properties" size="985">
  </module>
  <module name="sap/ui/unified/messagebundle_lv.properties" size="1023">
  </module>
  <module name="sap/ui/unified/messagebundle_nl.properties" size="917">
  </module>
  <module name="sap/ui/unified/messagebundle_no.properties" size="898">
  </module>
  <module name="sap/ui/unified/messagebundle_pl.properties" size="1049">
  </module>
  <module name="sap/ui/unified/messagebundle_pt.properties" size="892">
  </module>
  <module name="sap/ui/unified/messagebundle_ro.properties" size="916">
  </module>
  <module name="sap/ui/unified/messagebundle_ru.properties" size="1809">
  </module>
  <module name="sap/ui/unified/messagebundle_sh.properties" size="876">
  </module>
  <module name="sap/ui/unified/messagebundle_sk.properties" size="1110">
  </module>
  <module name="sap/ui/unified/messagebundle_sl.properties" size="900">
  </module>
  <module name="sap/ui/unified/messagebundle_sv.properties" size="988">
  </module>
  <module name="sap/ui/unified/messagebundle_th.properties" size="1756">
  </module>
  <module name="sap/ui/unified/messagebundle_tr.properties" size="957">
  </module>
  <module name="sap/ui/unified/messagebundle_uk.properties" size="1818">
  </module>
  <module name="sap/ui/unified/messagebundle_vi.properties" size="1226">
  </module>
  <module name="sap/ui/unified/messagebundle_zh_CN.properties" size="998">
  </module>
  <module name="sap/ui/unified/messagebundle_zh_TW.properties" size="1030">
  </module>
</library>
