{
  "modules" : [
    {
      "name" : "sap/me/Calendar.js",
      "description" : "Provides control sap.me.Calendar.",
      "size" : 46091,
      "compressedSize" : 12142,
      "required" : ["sap/me/library.js", "sap/ui/core/Control.js", "sap/me/CalendarDate.js", "jquery.sap.global.js"],
      "includes" : []
    },
    {
      "name" : "sap/me/CalendarDate.js",
      "description" : "! SAP UI development toolkit for HTML5 (SAPUI5)  (c) Copyright 2009-2014 SAP AG. All rights reserved",
      "size" : 9995,
      "compressedSize" : 2624,
      "required" : ["jquery.sap.global.js"],
      "includes" : []
    },
    {
      "name" : "sap/me/CalendarLegend.js",
      "description" : "Provides control sap.me.CalendarLegend.",
      "size" : 19860,
      "compressedSize" : 5352,
      "required" : ["sap/me/library.js", "sap/ui/core/Control.js", "sap/ui/core/IconPool.js", "sap/ui/core/theming/Parameters.js", "jquery.sap.global.js"],
      "includes" : []
    },
    {
      "name" : "sap/me/CalendarLegendRenderer.js",
      "description" : "! SAP UI development toolkit for HTML5 (SAPUI5)  (c) Copyright 2009-2014 SAP AG. All rights reserved",
      "size" : 2759,
      "compressedSize" : 1488,
      "required" : ["jquery.sap.global.js"],
      "includes" : []
    },
    {
      "name" : "sap/me/CalendarRenderer.js",
      "description" : "! SAP UI development toolkit for HTML5 (SAPUI5)  (c) Copyright 2009-2014 SAP AG. All rights reserved",
      "size" : 11515,
      "compressedSize" : 4518,
      "required" : ["sap/me/CalendarDate.js", "sap/ui/core/LocaleData.js", "sap/ui/core/format/DateFormat.js", "jquery.sap.global.js"],
      "includes" : []
    },
    {
      "name" : "sap/me/OverlapCalendar.js",
      "description" : "Provides control sap.me.OverlapCalendar.",
      "size" : 32196,
      "compressedSize" : 9212,
      "required" : ["sap/me/library.js", "sap/ui/core/Control.js", "sap/me/Calendar.js", "sap/ui/core/theming/Parameters.js", "jquery.sap.global.js"],
      "includes" : []
    },
    {
      "name" : "sap/me/OverlapCalendarEvent.js",
      "description" : "Provides control sap.me.OverlapCalendarEvent.",
      "size" : 14634,
      "compressedSize" : 959,
      "required" : ["sap/me/library.js", "sap/ui/core/Element.js", "jquery.sap.global.js"],
      "includes" : []
    },
    {
      "name" : "sap/me/OverlapCalendarRenderer.js",
      "description" : "! SAP UI development toolkit for HTML5 (SAPUI5)  (c) Copyright 2009-2014 SAP AG. All rights reserved",
      "size" : 4010,
      "compressedSize" : 2317,
      "required" : ["jquery.sap.global.js"],
      "includes" : []
    },
    {
      "name" : "sap/me/ProgressIndicator.js",
      "description" : "Provides control sap.me.ProgressIndicator.",
      "size" : 13022,
      "compressedSize" : 3257,
      "required" : ["sap/me/library.js", "sap/ui/core/Control.js", "jquery.sap.global.js"],
      "includes" : []
    },
    {
      "name" : "sap/me/ProgressIndicatorRenderer.js",
      "description" : "Provides default renderer for control sap.ui.commons.ProgressIndicator",
      "size" : 3937,
      "compressedSize" : 2110,
      "required" : ["jquery.sap.global.js"],
      "includes" : []
    },
    {
      "name" : "sap/me/TabContainer.js",
      "description" : "Provides control sap.me.TabContainer.",
      "size" : 24953,
      "compressedSize" : 5661,
      "required" : ["sap/me/library.js", "sap/ui/core/Control.js", "sap/ui/core/IconPool.js", "sap/ui/core/theming/Parameters.js", "jquery.sap.global.js"],
      "includes" : []
    },
    {
      "name" : "sap/me/TabContainerRenderer.js",
      "description" : "! SAP UI development toolkit for HTML5 (SAPUI5)  (c) Copyright 2009-2014 SAP AG. All rights reserved",
      "size" : 3338,
      "compressedSize" : 1905,
      "required" : ["jquery.sap.global.js"],
      "includes" : []
    },
    {
      "name" : "sap/me/library.js",
      "description" : "Initialization Code and shared classes of library sap.me (1.22.7)",
      "size" : 4598,
      "compressedSize" : 1005,
      "required" : ["sap/ui/core/Core.js", "sap/ui/core/library.js", "jquery.sap.global.js"],
      "includes" : ["sap/me/CalendarDesign.js", "sap/me/CalendarEventType.js", "sap/me/CalendarSelectionMode.js"]
    },
    {
      "name" : "sap/me/library.properties",
      "size" : 561,
      "required" : [],
      "includes" : []
    }
  ]
}
