{
    "sapBrandColor": "#000000",
    "sapHighlightColor": "#ffffff",
    "sapBaseColor": "#dddddd",
    "sapShellColor": "#000000",
    "sapBackgroundColor": "#ffffff",
    "sapTextColor": "#000000",
    "sapLinkColor": "#000000",
    "sapCompanyLogo": "none",
    "sapBackgroundImage": "none",
    "sapBackgroundImageOpacity": "1",
    "sapBackgroundImageRepeat": "false",
    "sapSelectedColor": "#ffffff",
    "sapActiveColor": "#ffffff",
    "sapHighlightTextColor": "#000000",
    "sapTitleColor": "#333333",
    "sapNegativeColor": "#d0001d",
    "sapCriticalColor": "#fffcb5",
    "sapPositiveColor": "#008a3b",
    "sapNeutralColor": "#306898",
    "sapContent_LabelColor": "#000000",
    "sapContent_DisabledTextColor": "#999999",
    "sapContent_ForegroundColor": "#bbb8b8",
    "sapContent_ForegroundBorderColor": "#9b9b9b",
    "sapContent_ForegroundTextColor": "#000000",
    "sapShell_Background": "#746b6b",
    "sapShell_BorderColor": "#5c4b4b",
    "sapShell_TextColor": "#ffffff",
    "sapButton_Background": "#ffffff",
    "sapButton_BorderColor": "#000000",
    "sapButton_TextColor": "#000000",
    "sapButton_Disabled_Background": "#ffffff",
    "sapButton_Disabled_BorderColor": "#949494",
    "sapButton_Disabled_TextColor": "#828282",
    "sapButton_Hover_Background": "#d1d1d1",
    "sapButton_Hover_BorderColor": "#000000",
    "sapButton_Hover_TextColor": "#000000",
    "sapButton_Emphasized_Background": "#ffffff",
    "sapButton_Emphasized_BorderColor": "#000000",
    "sapButton_Emphasized_TextColor": "#000000",
    "sapButton_Reject_Background": "#d0001d",
    "sapButton_Accept_Background": "#008a3b",
    "sapField_Background": "#ffffff",
    "sapField_BorderColor": "#969696",
    "sapField_HelpBackground": "#dddddd",
    "sapField_Hover_Background": "#ffffff",
    "sapField_Hover_BorderColor": "#969696",
    "sapField_Hover_HelpBackground": "#969696",
    "sapField_Focus_Background": "#fef09e",
    "sapField_Focus_BorderColor": "#969696",
    "sapField_Focus_HelpBackground": "#fef09e",
    "sapField_ReadOnly_Background": "#ffffff",
    "sapField_ReadOnly_BorderColor": "#969696",
    "sapField_ReadOnly_HelpBackground": "#ffffff",
    "sapField_Disabled_Background": "#ffffff",
    "sapField_Disabled_BorderColor": "#c0b2b2",
    "sapField_Disabled_HelpBackground": "#ffffff",
    "sapField_RequiredColor": "#d0001d",
    "sapField_InvalidColor": "#d0001d",
    "sapField_InvalidBackground": "#fbe9eb",
    "sapField_WarningColor": "#fffcb5",
    "sapField_WarningBackground": "#ffffff",
    "sapField_SuccessColor": "#008000",
    "sapField_SuccessBackground": "#a5eea5",
    "sapGroup_TitleBackground": "#dddddd",
    "sapGroup_TitleBorderColor": "#bebebe",
    "sapGroup_TitleTextColor": "#000000",
    "sapGroup_ContentBackground": "#ffffff",
    "sapGroup_ContentBorderColor": "#a7a7a7",
    "sapGroup_FooterBackground": "#dddddd",
    "sapToolbar_Background": "#dddddd",
    "sapToolbar_SeparatorColor": "#ffffff",
    "sapList_HeaderBackground": "#e0e0e0",
    "sapList_HeaderBorderColor": "#d5d5d5",
    "sapList_HeaderTextColor": "#323232",
    "sapList_BorderColor": "#d5d5d5",
    "sapList_HighlightColor": "#ffffff",
    "sapList_SelectionBackgroundColor": "#ffffff",
    "sapList_Hover_Background": "#ffffff",
    "sapScrollBar_FaceColor": "#e7e7e7",
    "sapScrollBar_TrackColor": "#ffffff",
    "sapScrollBar_BorderColor": "#e7e7e7",
    "sapScrollBar_SymbolColor": "#515151",
    "sapUiBaseColor": "#dddddd",
    "sapUiContentDisabledTextColor": "#999999",
    "sapUiContentForegroundBorderColor": "#a6a6a6",
    "sapUiButtonBackground": "#ffffff",
    "sapUiButtonBorderColor": "#000000",
    "sapUiButtonTextColor": "#000000",
    "sapUiButtonDisabledBackground": "#ffffff",
    "sapUiButtonDisabledBorderColor": "#949494",
    "sapUiButtonDisabledTextColor": "#828282",
    "sapUiButtonHoverBackground": "#808080",
    "sapUiButtonHoverBorderColor": "#000000",
    "sapUiButtonHoverTextColor": "#000000",
    "sapUiButtonRejectBackground": "#ff0000",
    "sapUiButtonAcceptBackground": "#008000",
    "sapUiFieldBackground": "#ffffff",
    "sapUiFieldBorderColor": "#bfbfbf",
    "sapUiFieldHelpBackground": "#ffffff",
    "sapUiFieldHoverBackground": "#ffffff",
    "sapUiFieldHoverBorderColor": "#969696",
    "sapUiFieldHoverHelpBackground": "#969696",
    "sapUiFieldFocusBackground": "#ffffff",
    "sapUiFieldFocusBorderColor": "#969696",
    "sapUiFieldFocusHelpBackground": "#ffffff",
    "sapUiFieldReadOnlyBackground": "#808080",
    "sapUiFieldReadOnlyBorderColor": "#969696",
    "sapUiFieldReadOnlyHelpBackground": "#808080",
    "sapUiFieldDisabledBackground": "#ffffff",
    "sapUiFieldDisabledBorderColor": "#969696",
    "sapUiFieldDisabledHelpBackground": "#ffffff",
    "sapUiFieldRequiredColor": "#969696",
    "sapUiFieldInvalidColor": "#ff0000",
    "sapUiFieldInvalidBackground": "#ff9a90",
    "sapUiFieldWarningColor": "#ffff00",
    "sapUiFieldWarningBackground": "#faf2b0",
    "sapUiFieldSuccessColor": "#008000",
    "sapUiFieldSuccessBackground": "#a5eea5",
    "sapUiListHeaderBorderColor": "#000000",
    "sapUiListHighlightColor": "#ffffff",
    "sapUiListHoverBackground": "#ffffff",
    "sapUiListSelectionBackgroundColor": "#111177",
    "sapUiBrand": "#f0ab00",
    "sapUiHighlight": "#111177",
    "sapUiSelected": "#111177",
    "sapUiActive": "#111177",
    "sapUiPurple": "#800080",
    "sapUiOrange": "#ffa500",
    "sapUiGreen": "#008000",
    "sapUiBlue": "#0000ff",
    "sapUiRed": "#ff0000",
    "sapUiYellow": "#ffff00",
    "sapUiBase": "#000000",
    "sapUiBaseBG": "#ffffff",
    "sapUiBaseBorder": "#000000",
    "sapUiBaseText": "#000000",
    "sapUiBaseLine": "#000000",
    "sapUiWhite": "#ffffff",
    "sapUiWhiteBG": "#ffffff",
    "sapUiExtraLightBG": "#ffffff",
    "sapUiLightBG": "#d3d3d3",
    "sapUiMediumBG": "#808080",
    "sapUiDarkBG": "#a9a9a9",
    "sapUiDeepBG": "#000000",
    "sapUiBlackBG": "#000000",
    "sapUiHoverBG": "#808080",
    "sapUiMediumAltBG": "#808080",
    "sapUiDarkAltBG": "#a9a9a9",
    "sapUiButtonStandardBG": "#ffffff",
    "sapUiButtonEmphasizedBG": "#ffff00",
    "sapUiButtonNegativeBG": "#ff0000",
    "sapUiButtonPositiveBG": "#008000",
    "sapUiErrorBG": "#ff9a90",
    "sapUiWarningBG": "#faf2b0",
    "sapUiReadOnlyBG": "#808080",
    "sapUiExtraLightText": "#d3d3d3",
    "sapUiLightText": "#d3d3d3",
    "sapUiMediumText": "#808080",
    "sapUiDarkText": "#a9a9a9",
    "sapUiDeepText": "#000000",
    "sapUiText": "#000000",
    "sapUiTextInverted": "#ffffff",
    "sapUiLink": "#0000ff",
    "sapUiLinkInverted": "#0000ff",
    "sapUiLinkVisited": "#800080",
    "sapUiLinkActive": "#ff0000",
    "sapUiLinkHover": "#ff0000",
    "sapUiNegativeText": "#ff0000",
    "sapUiPositiveText": "#b5e7a8",
    "sapUiWhiteBorder": "#ffffff",
    "sapUiExtraLightBorder": "#d3d3d3",
    "sapUiLightBorder": "#808080",
    "sapUiMediumBorder": "#000000",
    "sapUiDarkBorder": "#000000",
    "sapUiBlackBorder": "#000000",
    "sapUiErrorBorder": "#ff0000",
    "sapUiWarningBorder": "#ffff00",
    "sapUiLightLine": "#d3d3d3",
    "sapUiMediumLine": "#808080",
    "sapUiEmphasizedLine": "#111177",
    "sapUiDarkLine": "#a9a9a9",
    "sapUiTableRowBG": "#ffffff",
    "sapUiTableRowAlternatingBG": "#ffffff",
    "sapUiTableRowSelectionBG": "#111177",
    "sapUiTableRowSelectionReadOnlyBG": "#111177",
    "sapUiTableRowHoverBG": "#808080",
    "sapUiListBG": "#f7f7f7",
    "sapUiTextColor": "#008000",
    "sapUiTextTitleColor": "#008000",
    "sapUiTextSelectionColor": "#008000",
    "sapUiTextDisabled": "#999999",
    "sapUiTextTitle": "#000000",
    "sapUiTextSelection": "#ffffff",
    "sapUiTextfieldBackground": "#ffffff",
    "sapUiLineHeight": "21px",
    "sapUiFontFamily": "Arial, Helvetica, sans-serif",
    "sapUiFontMonospaceFamily": "Lucida Console",
    "sapUiFontSize": "medium",
    "sapUiFontLargeSize": "large",
    "sapUiFontSmallSize": "small",
    "sapUiFontHeader1Size": "xx-large",
    "sapUiFontHeader2Size": "x-large",
    "sapUiFontHeader3Size": "large",
    "sapUiFontHeader4Size": "medium",
    "sapUiFontHeader5Size": "medium",
    "sapUiFontHeader6Size": "medium",
    "sapUiUx3ShellBackgroundColor": "#ffffff",
    "sapUiUx3ShellHoverColor": "#000000",
    "sapUiUx3ShellSideBarBaseWidth": "40px",
    "sapUiUx3ShellPaneOverflowButtonHeight": "120px",
    "sapUiUx3ExactLstExpandOffset": "0 0",
    "sapUiUx3ExactLstRootExpandOffset": "0 3",
    "sapUiUx3ExactLstCollapseWidth": "24px",
    "sapUiUx3ExactLstHeaderHeight": "25px",
    "sapUiUx3ExactLstContentTop": "25px",
    "sapUiNotificationBarBG": "rgba(128, 128, 128, 0.92)",
    "sapUiNotificationBarBG_IE": "#808080",
    "sapUiNotifierHoverColor": "#111177",
    "sapUiNotifierSeparator": "#808080",
    "sapUiNotificationText": "#000000",
    "sapUiNotificationTimestamp": "#545454",
    "sapUiNotificationBarCalloutBorder": "rgba(128, 128, 128, 0)",
    "sapUiNotificationBarCalloutBorder_IE": "#808080",
    "sapUiNotificationBarCalloutArr": "rgba(128, 128, 128, 0.92)",
    "sapUiNotificationBarHeight": "40px",
    "sapUiNotificationBarHeightMinimized": "0px",
    "sapUiNotificationBarHeightMaximized": "40%",
    "sapUiNotifierWidth": "40px",
    "sapUiNotifierSeparatorWidth": "2px",
    "sapUiUx3ToolPopupInverted": "true",
    "sapUiUx3ToolPopupArrowWidth": "13px",
    "sapUiUx3ToolPopupArrowHeight": "20px",
    "sapUiUx3ToolPopupArrowRightMarginCorrection": "-2px",
    "sapUiUx3ToolPopupArrowRightMarginCorrectionInverted": "-7px",
    "sapUiUx3TPPaddingBottom": "50px",
    "sapUiButtonActiveBorderColor": "#000000",
    "sapUiButtonActiveBackground": "#a9a9a9",
    "sapUiButtonEmphasizedBorderColor": "#000000",
    "sapUiButtonEmphasizedBackground": "#ffff00",
    "sapUiButtonEmphasizedDisabledBorderColor": "#000000",
    "sapUiButtonEmphasizedDisabledBackground": "#ffff00",
    "sapUiButtonEmphasizedHoverBorderColor": "#000000",
    "sapUiButtonEmphasizedHoverBackground": "#808080",
    "sapUiButtonEmphasizedActiveBorderColor": "#000000",
    "sapUiButtonEmphasizedActiveBackground": "#a9a9a9",
    "sapUiButtonAcceptBorderColor": "#000000",
    "sapUiButtonAcceptDisabledBorderColor": "#000000",
    "sapUiButtonAcceptDisabledBackground": "#008000",
    "sapUiButtonAcceptHoverBorderColor": "#000000",
    "sapUiButtonAcceptHoverBackground": "#808080",
    "sapUiButtonAcceptActiveBorderColor": "#000000",
    "sapUiButtonAcceptActiveBackground": "#a9a9a9",
    "sapUiButtonRejectBorderColor": "#000000",
    "sapUiButtonRejectDisabledBorderColor": "#000000",
    "sapUiButtonRejectDisabledBackground": "#ff0000",
    "sapUiButtonRejectHoverBorderColor": "#000000",
    "sapUiButtonRejectHoverBackground": "#808080",
    "sapUiButtonRejectActiveBorderColor": "#000000",
    "sapUiButtonRejectActiveBackground": "#a9a9a9",
    "sapUiButtonLiteBackground": "transparent",
    "sapUiToggleButtonPressedDisabledBackground": "#d8d8e8",
    "sapUiToggleButtonPressedBackground": "#111177",
    "sapUiPositiveBG": "#b5e7a8",
    "sapUiShadowTint": "#000000",
    "sapUiShadow": "5px 5px 10px rgba(0, 0, 0, 0.5)"
}