{"sapBrandColor":"#009de0","sapHighlightColor":"#007cc0","sapBaseColor":"#808080","sapShellColor":"transparent","sapBackgroundColor":"#f2f2f2","sapTextColor":"#000000","sapLinkColor":"#00679e","sapCompanyLogo":"url()","sapBackgroundImage":"url()","sapBackgroundImageOpacity":"1","sapBackgroundImageRepeat":"false","sapSelectedColor":"#007cc0","sapActiveColor":"#007cc0","sapHighlightTextColor":"#ffffff","sapTitleColor":"#333333","sapNegativeColor":"#e52929","sapCriticalColor":"#f0ab00","sapPositiveColor":"#008a3b","sapNeutralColor":"#007cc0","sapContent_LabelColor":"#444444","sapContent_DisabledTextColor":"#cccccc","sapContent_ForegroundColor":"#c5c5c5","sapContent_ForegroundBorderColor":"#a6a6a6","sapContent_ForegroundTextColor":"#000000","sapShell_Background":"#ffffff","sapShell_BorderColor":"#5c5c5c","sapShell_TextColor":"#000000","sapButton_Background":"#f7f7f7","sapButton_BorderColor":"#bfbfbf","sapButton_TextColor":"#333333","sapButton_Disabled_Background":"#f7f7f7","sapButton_Disabled_BorderColor":"#bfbfbf","sapButton_Disabled_TextColor":"#cccccc","sapButton_Hover_Background":"#007cc0","sapButton_Hover_BorderColor":"#00659c","sapButton_Hover_TextColor":"#ffffff","sapButton_Emphasized_Background":"#007cc0","sapButton_Emphasized_BorderColor":"#005b8d","sapButton_Emphasized_TextColor":"#ffffff","sapButton_Reject_Background":"#cc1919","sapButton_Accept_Background":"#007833","sapField_Background":"#ffffff","sapField_BorderColor":"#bfbfbf","sapField_HelpBackground":"#ffffff","sapField_Hover_Background":"#ffffff","sapField_Hover_BorderColor":"#007cc0","sapField_Hover_HelpBackground":"#007cc0","sapField_Focus_Background":"#ffffff","sapField_Focus_BorderColor":"#007cc0","sapField_Focus_HelpBackground":"#ffffff","sapField_ReadOnly_Background":"transparent","sapField_ReadOnly_BorderColor":"transparent","sapField_ReadOnly_HelpBackground":"transparent","sapField_Disabled_Background":"#fbfbfb","sapField_Disabled_BorderColor":"#dbdbdb","sapField_Disabled_HelpBackground":"#fbfbfb","sapField_RequiredColor":"#007cc0","sapField_InvalidColor":"#e52929","sapField_InvalidBackground":"#fad4d4","sapField_WarningColor":"#f0ab00","sapField_WarningBackground":"#fceecc","sapField_SuccessColor":"#008a3b","sapField_SuccessBackground":"#cce8d8","sapGroup_TitleBackground":"transparent","sapGroup_TitleBorderColor":"transparent","sapGroup_TitleTextColor":"#333333","sapGroup_ContentBackground":"#ffffff","sapGroup_ContentBorderColor":"transparent","sapGroup_FooterBackground":"transparent","sapToolbar_Background":"#ffffff","sapToolbar_Separator":"#c2c2c2","sapList_HeaderBackground":"#ffffff","sapList_HeaderBorderColor":"#e6e6e6","sapList_HeaderTextColor":"#333333","sapList_BorderColor":"#dddddd","sapList_HighlightColor":"#007cc0","sapList_SelectionBackgroundColor":"#e6f2f9","sapList_Hover_Background":"#007cc0","sapScrollBar_FaceColor":"#ffffff","sapScrollBar_TrackColor":"#ffffff","sapScrollBar_BorderColor":"#999999","sapScrollBar_SymbolColor":"#666666","sapUiBaseColor":"#808080","sapUiContentDisabledTextColor":"#cccccc","sapUiContentForegroundBorderColor":"#a6a6a6","sapUiButtonBackground":"#f7f7f7","sapUiButtonBorderColor":"#bfbfbf","sapUiButtonTextColor":"#333333","sapUiButtonDisabledBackground":"#f7f7f7","sapUiButtonDisabledBorderColor":"#bfbfbf","sapUiButtonDisabledTextColor":"#cccccc","sapUiButtonHoverBackground":"#007cc0","sapUiButtonHoverBorderColor":"#00659c","sapUiButtonHoverTextColor":"#ffffff","sapUiButtonRejectBackground":"#cc1919","sapUiButtonAcceptBackground":"#007833","sapUiFieldBackground":"#ffffff","sapUiFieldBorderColor":"#bfbfbf","sapUiFieldHelpBackground":"#ffffff","sapUiFieldHoverBackground":"#ffffff","sapUiFieldHoverBorderColor":"#007cc0","sapUiFieldHoverHelpBackground":"#007cc0","sapUiFieldFocusBackground":"#ffffff","sapUiFieldFocusBorderColor":"#007cc0","sapUiFieldFocusHelpBackground":"#ffffff","sapUiFieldReadOnlyBackground":"transparent","sapUiFieldReadOnlyBorderColor":"transparent","sapUiFieldReadOnlyHelpBackground":"transparent","sapUiFieldDisabledBackground":"#fbfbfb","sapUiFieldDisabledBorderColor":"#dbdbdb","sapUiFieldDisabledHelpBackground":"#fbfbfb","sapUiFieldRequiredColor":"#007cc0","sapUiFieldInvalidColor":"#e52929","sapUiFieldInvalidBackground":"#fad4d4","sapUiFieldWarningColor":"#f0ab00","sapUiFieldWarningBackground":"#fceecc","sapUiFieldSuccessColor":"#008a3b","sapUiFieldSuccessBackground":"#cce8d8","sapUiListHeaderBorderColor":"#e6e6e6","sapUiListHighlightColor":"#007cc0","sapUiListHoverBackground":"#007cc0","sapUiListSelectionBackgroundColor":"#e6f2f9","sapUiBrand":"#009de0","sapUiHighlight":"#007cc0","sapUiSelected":"#007cc0","sapUiActive":"#007cc0","sapUiPurple":"#ab218e","sapUiOrange":"#f27020","sapUiGreen":"#008a3b","sapUiBlue":"#007cc0","sapUiRed":"#e52929","sapUiYellow":"#f0ab00","sapUiBase":"#808080","sapUiBaseBG":"#f2f2f2","sapUiBaseBorder":"#808080","sapUiBaseText":"#000000","sapUiBaseLine":"#808080","sapUiWhite":"#ffffff","sapUiWhiteBG":"#ffffff","sapUiExtraLightBG":"#f2f2f2","sapUiLightBG":"#e5e5e5","sapUiMediumBG":"#dddddd","sapUiDarkBG":"#666666","sapUiDeepBG":"#000000","sapUiBlackBG":"#000000","sapUiHoverBG":"#e6f2f9","sapUiMediumAltBG":"#b8c2cc","sapUiDarkAltBG":"#606365","sapUiButtonStandardBG":"#f7f7f7","sapUiButtonEmphasizedBG":"#009de0","sapUiButtonNegativeBG":"#ff0000","sapUiButtonPositiveBG":"#008000","sapUiErrorBG":"#fbdfdf","sapUiWarningBG":"#fffcb5","sapUiReadOnlyBG":"#808080","sapUiExtraLightText":"#707070","sapUiLightText":"#666666","sapUiMediumText":"#444444","sapUiDarkText":"#333333","sapUiDeepText":"#000000","sapUiText":"#000000","sapUiTextInverted":"#ffffff","sapUiLink":"#00679e","sapUiLinkInverted":"#1bb1ff","sapUiLinkVisited":"#00679e","sapUiLinkActive":"#00679e","sapUiLinkHover":"#00679e","sapUiNegativeText":"#cc1919","sapUiPositiveText":"#007833","sapUiWhiteBorder":"#ffffff","sapUiExtraLightBorder":"#e5e5e5","sapUiLightBorder":"#dddddd","sapUiMediumBorder":"#cccccc","sapUiDarkBorder":"#bfbfbf","sapUiBlackBorder":"#000000","sapUiErrorBorder":"#e52929","sapUiWarningBorder":"#f0ab00","sapUiLightLine":"#cccccc","sapUiMediumLine":"#999999","sapUiEmphasizedLine":"#007cc0","sapUiDarkLine":"#333333","sapUiTableRowBG":"#ffffff","sapUiTableRowAlternatingBG":"#eff7fb","sapUiTableRowSelectionBG":"#d1e9f4","sapUiTableRowSelectionReadOnlyBG":"#c9e1ed","sapUiTableRowHoverBG":"#e6f2f9","sapUiListBG":"#ffffff","sapUiTextColor":"#008000","sapUiTextTitleColor":"#008000","sapUiTextSelectionColor":"#008000","sapUiTextDisabled":"#999999","sapUiTextTitle":"#333333","sapUiTextSelection":"#ffffff","sapUiTextfieldBackground":"#ffffff","sapUiLineHeight":"18px","sapUiFontFamily":"Arial,Helvetica,sans-serif","sapUiFontMonospaceFamily":"Lucida Console","sapUiFontSize":"16px","sapUiFontLargeSize":"13px","sapUiFontSmallSize":"11px","sapUiFontHeader1Size":"26px","sapUiFontHeader2Size":"20px","sapUiFontHeader3Size":"18px","sapUiFontHeader4Size":"16px","sapUiFontHeader5Size":"14px","sapUiFontHeader6Size":"13px","sapUiUx3ShellBackgroundColor":"#f2f2f2","sapUiUx3ShellHoverColor":"#666666","sapUiUx3ShellSideBarBaseWidth":"40px","sapUiUx3ShellPaneOverflowButtonHeight":"40px","sapUiUx3ExactLstExpandOffset":"-1 -2","sapUiUx3ExactLstRootExpandOffset":"0 3","sapUiUx3ExactLstCollapseWidth":"24px","sapUiUx3ExactLstHeaderHeight":"25px","sapUiUx3ExactLstContentTop":"25px","sapUiNotificationBarBG":"rgba(51, 51, 51, 0.98)","sapUiNotificationBarBG_IE":"#444444","sapUiNotifierHoverColor":"#007cc0","sapUiNotifierSeparator":"#000000","sapUiNotificationText":"#ffffff","sapUiNotificationTimestamp":"#ababab","sapUiNotificationBarCalloutBorder":"rgba(68, 68, 68, 0)","sapUiNotificationBarCalloutBorder_IE":"#444444","sapUiNotificationBarCalloutArr":"rgba(51, 51, 51, 0.98)","sapUiNotificationBarHeight":"40px","sapUiNotificationBarHeightMinimized":"0px","sapUiNotificationBarHeightMaximized":"40%","sapUiNotifierWidth":"40px","sapUiNotifierSeparatorWidth":"1px","sapUiUx3ToolPopupInverted":"false","sapUiUx3ToolPopupArrowWidth":"13px","sapUiUx3ToolPopupArrowHeight":"20px","sapUiUx3ToolPopupArrowRightMarginCorrection":"-1px","sapUiUx3ToolPopupArrowRightMarginCorrectionInverted":"-7px","sapUiUx3TPPaddingBottom":"50px","sapUiButtonActiveBorderColor":"#00659c","sapUiButtonActiveBackground":"#007cc0","sapUiButtonEmphasizedBorderColor":"#005b8d","sapUiButtonEmphasizedBackground":"#007cc0","sapUiButtonEmphasizedDisabledBorderColor":"#005b8d","sapUiButtonEmphasizedDisabledBackground":"#007cc0","sapUiButtonEmphasizedHoverBorderColor":"#004b74","sapUiButtonEmphasizedHoverBackground":"#006ca7","sapUiButtonEmphasizedActiveBorderColor":"#004b74","sapUiButtonEmphasizedActiveBackground":"#006ca7","sapUiButtonAcceptBorderColor":"#00451d","sapUiButtonAcceptDisabledBorderColor":"#00451d","sapUiButtonAcceptDisabledBackground":"#007833","sapUiButtonAcceptHoverBorderColor":"#002c12","sapUiButtonAcceptHoverBackground":"#005f28","sapUiButtonAcceptActiveBorderColor":"#002c12","sapUiButtonAcceptActiveBackground":"#005f28","sapUiButtonRejectBorderColor":"#9f1313","sapUiButtonRejectDisabledBorderColor":"#9f1313","sapUiButtonRejectDisabledBackground":"#cc1919","sapUiButtonRejectHoverBorderColor":"#881111","sapUiButtonRejectHoverBackground":"#b51616","sapUiButtonRejectActiveBorderColor":"#881111","sapUiButtonRejectActiveBackground":"#b51616","sapUiButtonLiteBackground":"transparent","sapUiToggleButtonPressedDisabledBackground":"#e6f2f9","sapUiToggleButtonPressedBackground":"#e6f2f9","sapUiPositiveBG":"#007833","sapUiShadowTint":"#000000","sapUiShadow":"0px 4px 17px rgba(0, 0, 0, 0.4)","sapFontFamily":"Arial,Helvetica,sans-serif","sapFontSize":"0.75em","sapContent_LineHeight":"1.3","sapContent_ElementHeight":"1.37em","sapContent_ElementHeight_PX":"22px","sapContent_IconHeight":"16px","sapContent_MonospaceFontFamily":"lucida console,monospace","sapButton_BorderWitdh":"1px","sapButton_BorderCornerRadius":"0","sapField_BorderWitdh":"1px","sapField_BorderCornerRadius":"0","sapGroup_Title_FontSize":"1em","sapGroup_BorderWidth":"1px","sapGroup_BorderCornerRadius":"0","sapList_BorderWidth":"1px","sapScrollBar_Dimension":"16px","sapUiContentLabelColor":"#444444","sapUiContentForegroundColor":"#c5c5c5","sapUiContentForegroundTextColor":"#000000","sapUiShellBackground":"#ffffff","sapUiShellBorderColor":"#5c5c5c","sapUiShellTextColor":"#000000","sapUiButtonEmphasizedTextColor":"#ffffff","sapUiGroupTitleBackground":"transparent","sapUiGroupTitleBorderColor":"transparent","sapUiGroupTitleTextColor":"#333333","sapUiGroupContentBackground":"#ffffff","sapUiGroupContentBorderColor":"transparent","sapUiGroupFooterBackground":"transparent","sapUiToolbarBackground":"#ffffff","sapUiToolbarSeparator":"#c2c2c2","sapUiListHeaderBackground":"#ffffff","sapUiListHeaderTextColor":"#333333","sapUiListBorderColor":"#dddddd","sapUiScrollBarFaceColor":"#ffffff","sapUiScrollBarTrackColor":"#ffffff","sapUiScrollBarBorderColor":"#999999","sapUiScrollBarSymbolColor":"#666666","sapUiBlack":"#000000","sapUiNegative":"#cc1919","sapUiCritical":"#d14900","sapUiPositive":"#007833","sapUiNeutral":"#007cc0","sapUiAccent1":"#f0ab00","sapUiAccent2":"#f27020","sapUiAccent3":"#e52929","sapUiAccent4":"#ab218e","sapUiAccent5":"#007cc0","sapUiAccent6":"#008a3b","sapUiAccent7":"#004990","sapUiAccent8":"#009de0","sapUiChartGood":"#61a656","sapUiChartNeutral":"#808080","sapUiChartBad":"#d32030","sapUiChartCritical":"#e17b24","sapUiChart1":"#5cbae6","sapUiChart2":"#b6d957","sapUiChart3":"#fac364","sapUiChart4":"#8cd3ff","sapUiChart5":"#d998cb","sapUiChart6":"#fade64","sapUiChart7":"#93b9c6","sapUiChart8":"#d9d6c7","sapUiChart9":"#52bacc","sapUiChart10":"#dce65c","sapUiChart11":"#98aafb","sapUiSearchHighlight":"#fffcb5","sapUiActiveBG":"#e6f2f9","sapUiFocus":"#005483","sapUiInvertedFocus":"#ffffff","sapUiUx3ShellHeaderColor":"transparent","sapUiHighlightTextColor":"#ffffff","sapUiLightestBG":"#ffffff","sapUiExtraDarkBG":"#333333","sapUiDarkestBG":"#000000","sapUiHeaderBG":"#f2f2f2","sapUiFooterBG":"rgba(54, 62, 67, 0.96)","sapUiFooterOnDesktopBG":"rgba(100, 114, 123, 0.96)","sapUiExtraDarkText":"#222222","sapUiStandardText":"#000000","sapUiHighlightText":"#ffffff","sapUiHeaderText":"#333333","sapUiCriticalText":"#d14900","sapUiLightestBorder":"#ffffff","sapUiExtraDarkBorder":"#999999","sapUiDarkestBorder":"#000000","sapUiSuccessBorder":"#008a3b","sapUiSuccessBG":"#e0f1e7","sapUiNeutralBG":"#e6f2f9","sapUiDarkShadowTint":"#000000","sapUiLightShadowTint":"#ffffff","sapUiInvertedElement":"#ffffff","sapUiElement":"#666666","sapUiNegativeElement":"#cc1919","sapUiCriticalElement":"#d14900","sapUiPositiveElement":"#007833","sapUiNeutralElement":"#007cc0","sapUiFontCondensedFamily":"'Arial Narrow',HelveticaNeue-CondensedBold,Arial,sans-serif","sapUiFontHeaderFamily":"Arial,Helvetica,sans-serif","sapUiFontHeaderWeight":"normal","sapMFontHeader1Size":"1.75rem","sapMFontHeader2Size":"1.5rem","sapMFontHeader3Size":"1.25rem","sapMFontHeader4Size":"1.125rem","sapMFontHeader5Size":"1rem","sapMFontHeader6Size":"0.875em","sapMFontSmallSize":"0.75rem","sapMFontMediumSize":"0.875rem","sapMFontLargeSize":"1rem","sapUiMarginSmall":"1rem","sapUiMarginMedium":"2rem","sapUiMarginLarge":"3rem","sapUiTranslucentBGOpacity":"80%","sapMPlatformDependent":"false","sapUiGlobalBackgroundImage":"''","sapUiGlobalBackgroundImageDefault":"url(../../../../sap/ui/core/themes/sap_bluecrystal/img/bg_white_transparent.png)","sapUiGlobalBackgroundRepeat":"true","sapUiGlobalBackgroundImageOpacity":"1","sapUiGlobalBackgroundImageOpacityDefault":"1","sapUiGlobalBackgroundColor":"''","sapUiGlobalBackgroundColorDefault":"#ffffff","sapUiGlobalLogo":"''","sapUiGlobalLogoDefault":"''","sapUiGlobalBackgroundGradientStart":"rgba(255, 255, 255, 0.3)","sapUiGlobalBackgroundGradientEnd":"rgba(0, 124, 192, 0.2)","sapUiGlobalBackgroundGradientStartIE9":"#ffffff","sapUiGlobalBackgroundGradientEndIE9":"#cce5f2","sapUiBackgroundImage":"url()","sapUiDesktopFontFamily":"Arial,Helvetica,sans-serif","sapUiDesktopFontSize":"12px","sapUiKeyboardFocus":"#005483","sapUiUx3ShellGradientBottom":"rgba(44, 44, 44, 0)","sapUiUx3ShellGradientTop":"rgba(0, 95, 192, 0.03)","sapUiNotificationBarBorder":"#666666","sapUiUx3ToolPopupShadow":"0 0 30px rgba(0, 0, 0, 0.2)","sapUiCalloutShadow":"0 0 30px rgba(0, 0, 0, 0.2)","sapUiButtonLiteTextColor":"#00659c","sapUiToggleButtonPressedBorderColor":"#bfbfbf","sapUiToggleButtonPressedTextColor":"#333333","sapUiToggleButtonPressedHoverBackground":"#007cc0","sapUiToggleButtonPressedHoverBorderColor":"#00659c","sapUiToggleButtonPressedDisabledBorderColor":"#bfbfbf","sapUiToggleButtonPressedDisabledTextColor":"#cccccc","sapUiCalendarColorToday":"#ffc51c","sapUiUx3ShellBackgroundImageURL":"url()","sapUiUx3ShellHeaderImageURL":"","sapUiUx3ShellApplicationImageURL":"url()","sapUiActionSheetBG":"rgba(54, 62, 67, 0.96)","sapUiActionSheetOnDesktopBG":"rgba(100, 114, 123, 0.96)","sapUiActionSheetBorder":"#e5e5e5","sapUiActionSheetSeparator":"#000000","sapUiActionSheetButtonColor":"#ffffff","sapUiBackgroundGradientStart":"rgba(255, 255, 255, 0.3)","sapUiBackgroundGradientEnd":"rgba(0, 124, 192, 0.2)","sapUiBarBG":"#f2f2f2","sapUiBarBrandingBG":"#009de0","sapUiSubHeaderBG":"#fcfcfc","sapUiBarText":"#666666","sapUiFooterText":"#ffffff","sapUiBarHeading":"#666666","sapUiBusy":"#007cc0","sapUiBusyLight":"#ffffff","sapUiBtnText":"#333333","sapUiBtnTextActive":"#ffffff","sapUiBtnTextLink":"#00679e","sapUiBtnTextLinkDisabled":"rgba(0, 103, 158, 0.25)","sapUiBtnBaseRadius":"0.143rem","sapUiBtnIcon":"#666666","sapUiBtnTextShadowDefault":"rgba(255, 255, 255, 0.5)","sapUiBtnBorderDefault":"#bfbfbf","sapUiBtnTextTransparentDisabled":"rgba(51, 51, 51, 0.25)","sapUiBtnIconHeader":"#666666","sapUiBtnTextHeader":"#666666","sapUiBtnTextHeaderDisabled":"rgba(51, 51, 51, 0.25)","sapUiBtnTextShadowHeader":"rgba(255, 255, 255, 0.5)","sapUiBtnTextFooterDisabled":"rgba(255, 255, 255, 0.25)","sapUiBtnTextShadowFooter":"rgba(0, 0, 0, 0.5)","sapUiBtnTextStandardDisabled":"rgba(51, 51, 51, 0.5)","sapUiBtnBGStandard":"#f7f7f7","sapUiBtnBGStandardHover":"#eaeaea","sapUiBtnBGStandardDown":"#007cc0","sapUiBtnBGStandardDisabled":"#fafafa","sapUiBtnTextPositiveDisabled":"rgba(255, 255, 255, 0.5)","sapUiBtnBGPositive":"#007833","sapUiBtnBGPositiveHover":"#005f28","sapUiBtnBGPositiveDown":"#00451d","sapUiBtnBGPositiveDisabled":"rgba(0, 120, 51, 0.5)","sapUiBtnTextNegativeDisabled":"rgba(255, 255, 255, 0.5)","sapUiBtnBGNegative":"#cc1919","sapUiBtnBGNegativeHover":"#b51616","sapUiBtnBGNegativeDown":"#9f1313","sapUiBtnBGNegativeDisabled":"rgba(204, 25, 25, 0.5)","sapUiBtnTextEmphasizedDisabled":"rgba(255, 255, 255, 0.5)","sapUiBtnBGEmphasized":"#009de0","sapUiBtnBGEmphasizedHover":"#008bc7","sapUiBtnBGEmphasizedDown":"#0079ad","sapUiBtnBGEmphasizedDisabled":"rgba(0, 157, 224, 0.5)","sapUiBtnTextShadowEmphasized":"rgba(0, 0, 0, 0.5)","sapUiBtnBGTransparent":"transparent","sapUiBtnBGTransparentHover":"rgba(234, 234, 234, 0.5)","sapUiBtnBGTransparentDown":"#007cc0","sapUiBtnFooterBGStandardHover":"rgba(234, 234, 234, 0.09999999999999998)","sapUiBtnActionSelectBG":"rgba(54, 62, 67, 0.7)","sapUiBtnActionSelectBorderColor":"#666666","sapUiBtnActionSelectBGTransparentHover":"rgba(70, 80, 87, 0.7)","sapUiCheckBoxCheckedColor":"#007cc0","sapUiCheckBoxUncheckedColor":"#bfbfbf","sapUiCheckBoxFocusColor":"#005483","sapUiDTICustomRows":"5","sapUiDTICustomPhoneRows":"3","sapUiDTICustomWidth":"64","sapUiDTICustomHeight":"48","sapUiDTICustomShowLabel":"false","sapUiDTICustomHeaderText":"true","sapUiDTICustomMode":"scroller","sapUiDTICustomDesktopMode":"mixed","sapUiDTICustomDisplay":"bubble","sapUiDTICustomPhoneDisplay":"modal","sapUiDTICustomFontFamily":"Arial,Helvetica,sans-serif","sapUiDTICustomDialogBorder":"#999999","sapUiDTICustomDialogWheelsBG":"none","sapUiDTICustomDialogWheelBG":"none","sapUiDTICustomArrowBG":"#ffffff","sapUiDTICustomArrowColor":"#666666","sapUiDTICustomArrowHoverColor":"#007cc0","sapUiDTICustomItemText":"#666666","sapUiDTICustomSelectedItemText":"#000000","sapUiDTICustomSelectedItemBG":"#e6f2f9","sapUiDTICustomButtonBG":"rgba(54, 62, 67, 0.96)","sapUiDTICustomButtonOnDesktopBG":"rgba(100, 114, 123, 0.96)","sapUiDTICustomButtonHoverBG":"#007cc0","sapUiDTICustomButtonText":"#ffffff","sapUiDTICustomHeaderTextColor":"#666666","sapUiDTICustomHeaderTextShadow":"rgba(255, 255, 255, 0.5)","sapUiDTICustomHeaderBG":"#f2f2f2","sapUiDTICustomFooterBG":"rgba(54, 62, 67, 0.96)","sapUiDTICustomFooterOnDesktopBG":"rgba(100, 114, 123, 0.96)","sapUiDTICustomHeaderBoxShadow":"#dddddd","sapUiInputBaseBG":"#ffffff","sapUiInputBaseFont":"Arial,Helvetica,sans-serif","sapUiInputBaseText":"#000000","sapUiInputBaseBorder":"#bfbfbf","sapUiInputBaseFocus":"#007cc0","sapUiInputBasePlaceholder":"#707070","sapUiInputBaseWarning":"#f0ab00","sapUiInputBaseError":"#e52929","sapUiInputBaseErrorFont":"#cc1919","sapUiInputBaseSuccess":"#008a3b","sapUiLabelText":"#666666","sapUiLabelFont":"Arial,Helvetica,sans-serif","sapUiListBGHeader":"#e6f2f9","sapUiListBGFooter":"#f2f2f2","sapUiListHeaderText":"#666666","sapUiListFooterText":"#333333","sapUiListSingleSelectMasterAsActive":"false","sapUiListHeaderBorder":"#dddddd","sapUiListTextColor":"#333333","sapUiGroupHeaderBG":"#f2f8fc","sapUiListTblBG":"rgba(255, 255, 255, 0.8)","sapUiListTblHeaderBorder":"#dddddd","sapUiListTblTextColor":"#333333","sapUiListTblPopinHeaderTextColor":"#444444","sapUiListTblPopinValueTextColor":"#000000","sapUiListTblPopinBG":"rgba(255, 255, 255, 0.8)","sapUiListTblPopinActiveBG":"#007cc0","sapUiListTblPopinSelectedBG":"#e6f2f9","sapUiListTblIconSize":"1rem","sapUiListTblTextSize":"0.875rem","sapUiLIBorder":"#e5e5e5","sapUiLISelected":"#e6f2f9","sapUiLIActive":"#007cc0","sapUiLICounter":"#007cc0","sapUiLIText":"#333333","sapUiLIStandardText":"#000000","sapUiLITextSec":"#666666","sapUiLITextInverted":"#ffffff","sapUiLITextDisabled":"#666666","sapUiLIDelIcon":"true","sapUiLIDelColor":"#cc1919","sapUiLINavColor":"#8c8c8c","sapUiLIDetailIcon":"true","sapUiLIDetailColor":"#666666","sapUiLIDetailBGActive":"#007cc0","sapUiLIUnreadAsBubble":"false","sapUiALITextColor":"#ffffff","sapUiMessageToastTextColor":"#ffffff","sapUiMessageToastTextShadow":"#000000","sapUiPageBG":"#ffffff","sapUiPanelBG":"#ffffff","sapUiPopoverContBG":"#ffffff","sapUiPopupBorderColor":"rgba(153, 153, 153, 0.6)","sapUiPopupBorder":"1px rgba(153, 153, 153, 0.6) solid","sapUiPopupBoxShadow":"0px 0px 30px 2px rgba(0, 0, 0, 0.15)","sapUiBlockLayerColor":"#000000","sapUiPopupButtonSeparator":"1px #000000 solid","sapUiPopupBorderRadius":"2px","sapUiPullToRefreshText":"#666666","sapUiPullToRefreshArrow":"#007cc0","sapUiPullToRefreshBG":"#f2f2f2","sapUiRadioButtonSelectedColor":"#007cc0","sapUiRadioButtonBorderColor":"#bfbfbf","sapMUiScrollBarBG":"rgba(0, 0, 0, 0.5)","sapMUiScrollBarBorderColor":"#ffffff","sapUiSegmentedBtnBG":"#f7f7f7","sapUiSegmentedBtnBGSelected":"#007cc0","sapUiSegmentedBtnBGSelectedHover":"#006ca7","sapUiSegmentedBtnBGHover":"#eaeaea","sapUiSegmentedBtnFooterHover":"rgba(234, 234, 234, 0.09999999999999998)","sapUiSegmentedBtnBGActive":"#007cc0","sapUiSegmentedBtnBorder":"#bfbfbf","sapUiSegmentedBtnBorderFooter":"#999999","sapUiSegmentedBtnIconDark":"#666666","sapUiSegmentedBtnIconLight":"#ffffff","sapUiSegmentedBtnTextShadowFooter":"rgba(0, 0, 0, 0.5)","sapUiSegmentedBtnTextShadowHeader":"rgba(255, 255, 255, 0.5)","sapUiSegmentedBtnText":"#333333","sapUiSegmentedBtnTextFooter":"#ffffff","sapUiSegmentedBtnTextHeader":"#666666","sapUiSegmentedBtnTextActive":"#ffffff","sapUiSelectBG":"#ffffff","sapUiSelectBorderColor":"#bfbfbf","sapUiSelectBorderColorHeader":"#dddddd","sapUiSelectBorderColorPressed":"#007cc0","sapUiSelectLabelTextColor":"#666666","sapUiSelectBGActive":"#007cc0","sapUiSelectLabelTextColorPressed":"#ffffff","sapUiSelectLabelTextColorFooter":"#ffffff","sapUiSelectArrowColor":"#666666","sapUiSelectArrowColorActive":"#ffffff","sapUiSelectArrowBGHover":"rgba(234, 234, 234, 0.5)","sapUiSelectArrowBGActive":"#007cc0","sapUiSelectFooterSeperator":"#666666","sapUiSelectFooterSeperatorOnDesktop":"rgba(153, 165, 172, 0.96)","sapUiSelectIconColor":"#666666","sapUiSelectIconColorActive":"#007cc0","sapUiSelectFooterBGHover":"rgba(234, 234, 234, 0.09999999999999998)","sapUiSelectBGTransparentHover":"rgba(234, 234, 234, 0.5)","sapMShellContentBGOpacity":"30","sapMShellContentBG":"rgba(255, 255, 255, 0.3)","sapUiSliderBG":"#dddddd","sapUiSliderProgressBG":"#007cc0","sapUiSliderHandleBorder":"#999999","sapUiSliderHandleBG":"rgba(153, 153, 153, 0.3)","sapUiSliderHandleBorderPressed":"#007cc0","sapUiSliderHandleBGPressed":"rgba(0, 124, 192, 0.3)","sapUiSplitContainerMasterBG":"#ffffff","sapUiSplitContainerMasterShadow":"1px 0 10px rgba(0, 0, 0, 0.15)","sapUiSplitContainerMasterBorder":"1px solid rgba(0, 0, 0, 0.15)","sapUiSplitContainerMasterFooterSeperator":"#666666","sapUiSLIIconColor":"#666666","sapUiSLIIconColorActive":"#ffffff","sapUiInfoTop":"false","sapUiSwitchOnBG":"#007cc0","sapUiSwitchOffBG":"#ffffff","sapUiSwitchHandleOnBG":"#ffffff","sapUiSwitchHandleOffBG":"#999999","sapUiSwitchOnBorder":"#007cc0","sapUiSwitchOffBorder":"#999999","sapUiSwitchTextOn":"#ffffff","sapUiSwitchTextOff":"#666666","sapUiSwitchAcceptRejectBG":"#ffffff","sapUiRIIconPadding":"0.25rem","sapUiRIIconColor":"#f0ab00","sapUiToolbarBG":"rgba(255, 255, 255, 0)","sapUiToolbarBorder":"#dddddd","sapUiToolbarInfoBG":"#457aae","sapUiToolbarInfoHoverBG":"#2b68a3","sapUiToolbarInfoActiveBG":"#125698","sapUiToolbarInfoBorder":"#e5e5e5","sapMeOverlapCalendarType00":"#e5e5e5","sapMeOverlapCalendarType01":"#d9ebf6","sapMeOverlapCalendarType04":"#d9ebf6","sapMeOverlapCalendarType06":"#fae2a6","sapMeOverlapCalendarType07":"#fceaea","sapMeOverlapCalendarIndicator":"#f27020","sapMeCalendarLegendIconCollapse":"collapse","sapMeCalendarLegendIconExpand":"expand","sapMeTabIconInfo":"hint","sapMeTabColorInfo":"#f27020","sapMeTabIconNotes":"notes","sapMeTabColorNotes":"#ab218e","sapMeTabIconAttachments":"attachment","sapMeTabColorAttachments":"#007cc0","sapMeTabIconPeople":"group","sapMeTabColorPeople":"#004990","sapMBarShadow":"inset 0 -0.0625em #dddddd","sapMFooterShadow":"inset 0 0.0625em 0 rgba(229, 229, 229, 0.2)","sapMShellAppWidthLimit":"1024px","sapMShellAppWidthLimitBy2":"512px","sapMShellAppHeight":"1500px","sapMShellHeaderHeight":"68px","sapMShellMinHeightForHeader":"1568px","sapMShellAppWidthLimitPlusPadding":"1040px","sapMSwitch-ONPOSITION":"-45","sapMSwitch-OFFPOSITION":"0","sapMSwitch-TRANSITIONTIME":"175","sap.m.Bar:sapMBarShadow":"inset 0 -0.0625em #dddddd","sap.m.Bar:sapMFooterShadow":"inset 0 0.0625em 0 rgba(229, 229, 229, 0.2)","sap.m.Shell:sapMShellAppWidthLimit":"1024px","sap.m.Shell:sapMShellAppWidthLimitBy2":"512px","sap.m.Shell:sapMShellAppHeight":"1500px","sap.m.Shell:sapMShellHeaderHeight":"68px","sap.m.Shell:sapMShellMinHeightForHeader":"1568px","sap.m.Shell:sapMShellContentBG":"rgba(255, 255, 255, 0.3)","sap.m.Shell:sapMShellAppWidthLimitPlusPadding":"1040px"}